actv_code_id,parent_actv_code_id,actv_code_type_id,actv_code_name,short_name,seq_num,color,total_assignments,Tier_1,Tier_2,Tier_3,Tier_4,Tier_5,actv_code_type
6235116,,257385,DOORS,DOOR,340,0000FF,3208.0,DOORS,,,,,RESPONSABILITY
6235117,,257385,DRYWALL,DRYW,350,0000FF,31.0,DRYWALL,,,,,RESPONSABILITY
6469176,,519874,MISC. STEEL,MSCST,103,0000FF,15.0,MISC. STEEL,,,,,Z-IINTERIOR TRADE
6469177,,519874,INSULATION,INS,102,0000FF,3.0,INSULATION,,,,,Z-IINTERIOR TRADE
6469178,,519874,TILING,TILE,101,0000FF,11.0,TILING,,,,,Z-IINTERIOR TRADE
6469179,,519874,WIRE MESH PARTITIONS,MESH,100,0000FF,,WIRE MESH PARTITIONS,,,,,Z-IINTERIOR TRADE
6469180,,519874,MILLWORK,MILL,101,0000FF,9.0,MILLWORK,,,,,Z-IINTERIOR TRADE
6469181,,519874,ROUGH CARPENTRY,CARP,100,0000FF,,ROUGH CARPENTRY,,,,,Z-IINTERIOR TRADE
6469182,,519874,CHEMICAL RESISTANT COATINGS,CRC,101,0000FF,15.0,CHEMICAL RESISTANT COATINGS,,,,,Z-IINTERIOR TRADE
6469183,,519874,FIREPROOFING,FIRE,100,0000FF,48.0,FIREPROOFING,,,,,Z-IINTERIOR TRADE
6469184,,519874,EXPANSION CONTROL,EXP,100,0000FF,16.0,EXPANSION CONTROL,,,,,Z-IINTERIOR TRADE
6469185,,519874,WALL PROTECTION FINISHES & FIXTURES,FINISH,800,0000FF,101.0,WALL PROTECTION FINISHES & FIXTURES,,,,,Z-IINTERIOR TRADE
6469186,,519874,DOORS & HARDWARE,DOOR,400,0000FF,123.0,DOORS & HARDWARE,,,,,Z-IINTERIOR TRADE
6469187,,519874,ACOUSTIC PANELS,ACOUS,900,0000FF,,ACOUSTIC PANELS,,,,,Z-IINTERIOR TRADE
6469188,,519874,INTERIOR GLAZING,GLAZE,600,0000FF,12.0,INTERIOR GLAZING,,,,,Z-IINTERIOR TRADE
6469189,,519874,RAISED ACCESS FLOORING,FLOOR,500,0000FF,16.0,RAISED ACCESS FLOORING,,,,,Z-IINTERIOR TRADE
6469190,,519874,FINISH PAINT,PAINT,700,0000FF,332.0,FINISH PAINT,,,,,Z-IINTERIOR TRADE
6469191,,519874,DRYWALL 2 SIDED TAPE & FINISH,TAPE,200,0000FF,190.0,DRYWALL 2 SIDED TAPE & FINISH,,,,,Z-IINTERIOR TRADE
6469192,,519874,FRAMING & DRYWALL,FR/DW,100,0000FF,572.0,FRAMING & DRYWALL,,,,,Z-IINTERIOR TRADE
6469193,,519874,STAIRS,STAIR,300,0000FF,291.0,STAIRS,,,,,Z-IINTERIOR TRADE
6469194,,519874,JOINT SEALANTS,JOINT,0,0000FF,128.0,JOINT SEALANTS,,,,,Z-IINTERIOR TRADE
6469195,,519875,BIM / VDC,05 BIM/VDC,102,0000FF,,BIM / VDC,,,,,Z-PHASE (High Level)
6469196,,519875,CONSTRUCTION,04 CON,101,0000FF,6801.0,CONSTRUCTION,,,,,Z-PHASE (High Level)
6469197,,519875,PRE - CON / BUYOUT / IMPACTS,03 PRE / BO,100,0000FF,717.0,PRE - CON / BUYOUT / IMPACTS,,,,,Z-PHASE (High Level)
6469198,,519875,DESIGN,02 DES,100,0000FF,23.0,DESIGN,,,,,Z-PHASE (High Level)
6469199,,519875,MILESTONE,01 MILE,0,0000FF,50.0,MILESTONE,,,,,Z-PHASE (High Level)
6469200,,519876,BIM / VDC,BIM / VDC,103,0000FF,,BIM / VDC,,,,,Z-TRADE
6469201,,519876,Tower Cranes,01 Towers,801,0000FF,,Tower Cranes,,,,,Z-TRADE
6469202,,519876,TEMP,TEMP,1809,0000FF,,TEMP,,,,,Z-TRADE
6469203,,519876,TBD Architectural Finishes,ARCH,1503,0000FF,921.0,TBD Architectural Finishes,,,,,Z-TRADE
6469204,,519876,INSULATED METAL PANELS,SKIN,1101,0000FF,943.0,INSULATED METAL PANELS,,,,,Z-TRADE
6469205,,519876,Steel Erector - W&W,05 Steel Erect,601,FF8000,95.0,Steel Erector - W&W,,,,,Z-TRADE
6469206,,519876,Cast-in Place Concrete - Baker Concrete,03 CONC,603,8080FF,62.0,Cast-in Place Concrete - Baker Concrete,,,,,Z-TRADE
6469207,,519876,Drilled Shaft Subcontractor - AH Beck,03 Dril,401,0000FF,21.0,Drilled Shaft Subcontractor - AH Beck,,,,,Z-TRADE
6469208,,519876,Sitework (By Owner),02 Site,201,0000FF,,Sitework (By Owner),,,,,Z-TRADE
6469209,,519876,Owner & Design Team,Owner,1,0000FF,71.0,Owner & Design Team,,,,,Z-TRADE
6469210,,519876,Yates,Yates,102,0000FF,,Yates,,,,,Z-TRADE
6469211,,519876,Key Milestones,MILE,0,0000FF,49.0,Key Milestones,,,,,Z-TRADE
6469212,,519876,EIFS (Possibly Stucco?),07 EIFS,802,0000FF,,EIFS (Possibly Stucco?),,,,,Z-TRADE
6469213,,519876,Precast,03 PRECAST,501,0000FF,5.0,Precast,,,,,Z-TRADE
6469214,,519876,Underground Plumbing - Cobb,15 - PLUMBING,901,0000FF,18.0,Underground Plumbing - Cobb,,,,,Z-TRADE
6469215,,519876,Underground Electrical - (By Owner),16 - U/G ELECT,1001,0000FF,20.0,Underground Electrical - (By Owner),,,,,Z-TRADE
6469216,,519876,U/G FIRE & PLUMBING,UG FIRE-PLUMB,301,0000FF,7.0,U/G FIRE & PLUMBING,,,,,Z-TRADE
6469217,,519876,MISC. Steel,MISC STEEL,702,0000FF,15.0,MISC. Steel,,,,,Z-TRADE
6469218,,519877,PRIORITY 2 ARCHITECTURAL SCOPE,P2 ARCH,800,0000FF,,PRIORITY 2 ARCHITECTURAL SCOPE,,,,,Z-LEVEL
6469219,,519877,PRIORITY 1 ARCHITECTURAL SCOPE,P1 ARCH,700,0000FF,,PRIORITY 1 ARCHITECTURAL SCOPE,,,,,Z-LEVEL
6469220,,519877,SUBMITTALS & RFI'S,SUB/RFI,500,0000FF,17.0,SUBMITTALS & RFI'S,,,,,Z-LEVEL
6469221,,519877,PRECAST,PC,600,0000FF,19.0,PRECAST,,,,,Z-LEVEL
6469222,,519877,DRAWING PACKAGES,DWG,400,0000FF,29.0,DRAWING PACKAGES,,,,,Z-LEVEL
6469223,,519877,FABRICATE / DELIVER,FAB/DEL,2401,0000FF,36.0,FABRICATE / DELIVER,,,,,Z-LEVEL
6469224,,519877,SUP U01 - 3,SUP 1/3,2101,0000FF,,SUP U01 - 3,,,,,Z-LEVEL
6469225,,519877,FAB L1 - L3,FAB 1/3,200,0000FF,,FAB L1 - L3,,,,,Z-LEVEL
6469226,,519877,L2 / L3,L2 / L3,1100,0000FF,,L2 / L3,,,,,Z-LEVEL
6469227,,519877,INTERIOR FINISHES - ALL LEVELS,INT FIN,2301,0000FF,,INTERIOR FINISHES - ALL LEVELS,,,,,Z-LEVEL
6469228,,519877,L5 - SUP L5,L5-s,1400,0000FF,22.0,L5 - SUP L5,,,,,Z-LEVEL
6469229,,519877,DS/AD,DS/AD,2001,0000FF,774.0,DS/AD,,,,,Z-LEVEL
6469230,,519877,L5 - FAB Roof Deck,L5-f,100,0000FF,,L5 - FAB Roof Deck,,,,,Z-LEVEL
6469231,,519877,Temp Sort Code,TMP,2901,0000FF,,Temp Sort Code,,,,,Z-LEVEL
6469232,,519877,L4 - SUP Roof - FAB Roof,L4,1300,0000FF,1510.0,L4 - SUP Roof - FAB Roof,,,,,Z-LEVEL
6469233,,519877,L3 / Waffle Slab Level,L3,1200,0000FF,916.0,L3 / Waffle Slab Level,,,,,Z-LEVEL
6469234,,519877,L2 - SubFab Level,L2,1002,0000FF,700.0,L2 - SubFab Level,,,,,Z-LEVEL
6469235,,519877,Milestones,MILE,1,0000FF,54.0,Milestones,,,,,Z-LEVEL
6469236,,519877,L1 - Fndn Slab,L1,1001,0000FF,1215.0,L1 - Fndn Slab,,,,,Z-LEVEL
6469237,,519877,EXTERIOR SKIN,SKIN,2201,0000FF,978.0,EXTERIOR SKIN,,,,,Z-LEVEL
6469238,,519877,Drilled Piers,Piers,2,0000FF,21.0,Drilled Piers,,,,,Z-LEVEL
6469239,,519877,ALL LEVELS,ALL,3,0000FF,15.0,ALL LEVELS,,,,,Z-LEVEL
6469240,,519877,SUE LOWER,SEL,2501,0000FF,6.0,SUE LOWER,,,,,Z-LEVEL
6469241,,519877,SUE UPPER,SEU,2701,0000FF,10.0,SUE UPPER,,,,,Z-LEVEL
6469242,,519877,SUW UPPER,SWU,2801,0000FF,9.0,SUW UPPER,,,,,Z-LEVEL
6469243,,519877,SUW LOWER,SWL,2601,0000FF,8.0,SUW LOWER,,,,,Z-LEVEL
6469244,,519877,(New Code Value),(New),300,0000FF,,(New Code Value),,,,,Z-LEVEL
6469245,,519877,ROOMS,ROOM,3302,0000FF,,ROOMS,,,,,Z-LEVEL
6469246,,519877,LOADING DOCK,LD,900,0000FF,16.0,LOADING DOCK,,,,,Z-LEVEL
6469247,,519877,STAIRS,STR,3202,0000FF,,STAIRS,,,,,Z-LEVEL
6469248,,519877,,BLANK,0,0000FF,61.0,,,,,,Z-LEVEL
6469249,,519877,GL 33- LEAVEOUTS,TSTR,1601,0000FF,18.0,GL 33- LEAVEOUTS,,,,,Z-LEVEL
6469250,,519877,L1-L2 - LOADING DOCK LEAVEOUT (F.8-G.2),LO-1,1701,0000FF,,L1-L2 - LOADING DOCK LEAVEOUT (F.8-G.2),,,,,Z-LEVEL
6469251,,519877,L1-L2 - SUPERDECK LEAVEOUT (E-E.2),LO-2,1801,0000FF,,L1-L2 - SUPERDECK LEAVEOUT (E-E.2),,,,,Z-LEVEL
6469252,,519877,L1-L2 - LOADING DOCK LEAVEOUT (H.8-J),LO-3,1901,0000FF,,L1-L2 - LOADING DOCK LEAVEOUT (H.8-J),,,,,Z-LEVEL
6469253,,519877,L6 - PENTHOUSE / DS ROOF,L6,1500,0000FF,39.0,L6 - PENTHOUSE / DS ROOF,,,,,Z-LEVEL
6469254,,519877,LU1 - Underground Level,LU1,1000,0000FF,24.0,LU1 - Underground Level,,,,,Z-LEVEL
6469255,,519877,PRIORITY 1 - STAIR TOWERS,ST- 1,2902,0000FF,,PRIORITY 1 - STAIR TOWERS,,,,,Z-LEVEL
6469256,,519877,WAFFLE POCKET,WJE WAF,3402,0000FF,,WAFFLE POCKET,,,,,Z-LEVEL
6469257,,519877,PRIORITY 2 - STAIR TOWERS - DESCOPED,ST-2,3003,0000FF,,PRIORITY 2 - STAIR TOWERS - DESCOPED,,,,,Z-LEVEL
6469258,,519877,STAIR 5,ST 5,1,,,STAIR 5,,,,,Z-LEVEL
6469259,,519877,L1 - Exterior,L1Ext,1501,0000FF,41.0,L1 - Exterior,,,,,Z-LEVEL
6469260,,519878,COATINGS,COATINGS,1404,0000FF,,COATINGS,,,,,Z-AREA
6469261,,519878,BIM / VDC,BIM/VDC,1104,0000FF,,BIM / VDC,,,,,Z-AREA
6469262,,519878,Data Center Bldg (Gridlines 1-3),FIZ,202,0000FF,,Data Center Bldg (Gridlines 1-3),,,,,Z-AREA
6469263,,519878,Pier Drilling (TBD - NOVATED CONTRACT),PIERS,102,0000FF,23.0,Pier Drilling (TBD - NOVATED CONTRACT),,,,,Z-AREA
6469264,,519878,TEMP,TEMP,1304,0000FF,,TEMP,,,,,Z-AREA
6469265,,519878,Key Milestones,MILE,0,0000FF,50.0,Key Milestones,,,,,Z-AREA
6469266,,519878,Fab Building,FAB,402,0000FF,,Fab Building,,,,,Z-AREA
6469267,,519878,Support Building - West,SUP West,704,0000FF,3.0,Support Building - West,,,,,Z-AREA
6469268,,519878,Support Building - East,SUP East,605,0000FF,3.0,Support Building - East,,,,,Z-AREA
6469269,,519878,PRE-CONSTRUCTION,PRE,2,0000FF,,PRE-CONSTRUCTION,,,,,Z-AREA
6469270,,519878,PENTHOUSES,PENT,904,0000FF,,PENTHOUSES,,,,,Z-AREA
6469271,,519878,GRIDLINE 33,GL33,1004,0000FF,,GRIDLINE 33,,,,,Z-AREA
6469272,,519878,GRIDLINE 33,33,1204,0000FF,302.0,GRIDLINE 33,,,,,Z-AREA
6469273,,519878,(New Code Value),(New),100,0000FF,,(New Code Value),,,,,Z-AREA
6469274,,519878,INTERIOR STAIRS,STAIR,804,0000FF,218.0,INTERIOR STAIRS,,,,,Z-AREA
6469275,,519878,SUE DOORS & HARDWARE,DOOR,503,0000FF,,SUE DOORS & HARDWARE,,,,,Z-AREA
6469276,,519878,SUW - DOORS & HARDWARE,DOOR-1,604,0000FF,,SUW - DOORS & HARDWARE,,,,,Z-AREA
6469277,,519878,General,(New)-6,403,0000FF,1.0,General,,,,,Z-AREA
6469278,,519878,CANOPIES,canopy,203,0000FF,,CANOPIES,,,,,Z-AREA
6469279,,519879,BIM / VDC Overall,BIM OA,100,0000FF,,BIM / VDC Overall,,,,,Z-BLDG
6469280,,519879,Data Center (Gridlines 1-3),FIZ,2,0000FF,109.0,Data Center (Gridlines 1-3),,,,,Z-BLDG
6469281,,519879,Fab Building,FAB,3,0000FF,,Fab Building,,,,,Z-BLDG
6469282,,519879,Support Building Overall,SUP,100,0000FF,221.0,Support Building Overall,,,,,Z-BLDG
6469283,,519879,Key Milestones,MILE,0,0000FF,49.0,Key Milestones,,,,,Z-BLDG
6469284,,519879,Drilled Piers,PIERS,1,0000FF,22.0,Drilled Piers,,,,,Z-BLDG
6469285,,519880,INTERIORS,INT,100,0000FF,1871.0,INTERIORS,,,,,Z-BID PACKAGE
6469286,,519880,SOMD / Roofing / Waterproofing,F23,100,0000FF,855.0,SOMD / Roofing / Waterproofing,,,,,Z-BID PACKAGE
6469287,,519880,EARLY WORK AUTHORIZATIONS,EW,0,0000FF,,EARLY WORK AUTHORIZATIONS,,,,,Z-BID PACKAGE
6469288,,519880,FAB Piers & Foundations IFC,F01B,100,0000FF,,FAB Piers & Foundations IFC,,,,,Z-BID PACKAGE
6469289,,519880,FAB Piers & Foundations IFC - Addendum,F0AB.01,101,0000FF,,FAB Piers & Foundations IFC - Addendum,,,,,Z-BID PACKAGE
6469290,,519880,Long Lead Primary Bulding Steel - Purchase Set,F02B,102,0000FF,,Long Lead Primary Bulding Steel - Purchase Set,,,,,Z-BID PACKAGE
6469291,,519880,Long Lead Precast - Purchase Set,F02C,103,0000FF,,Long Lead Precast - Purchase Set,,,,,Z-BID PACKAGE
6469292,,519880,Long Lead Precast - Purchase Set - Addendum,F02C.1,104,0000FF,,Long Lead Precast - Purchase Set - Addendum,,,,,Z-BID PACKAGE
6469293,,519880,FAB Building Super Structure Erection - Construction Set,F03B,105,0000FF,,FAB Building Super Structure Erection - Construction Set,,,,,Z-BID PACKAGE
6469294,,519880,FAB Building Shell - CSA Purchase Package,F04B,106,0000FF,,FAB Building Shell - CSA Purchase Package,,,,,Z-BID PACKAGE
6469295,,519880,FAB Building Shell - CSA,F04,107,0000FF,,FAB Building Shell - CSA,,,,,Z-BID PACKAGE
6469296,,519880,Fire Protection Wet System,F04A,108,0000FF,,Fire Protection Wet System,,,,,Z-BID PACKAGE
6469297,,519880,FAB Fitup & Cleanroom - CSA/MEP,F05.01,109,0000FF,,FAB Fitup & Cleanroom - CSA/MEP,,,,,Z-BID PACKAGE
6469298,,519880,Fire Alarm - Turnkey Vendor Purchase Package,F06,110,0000FF,,Fire Alarm - Turnkey Vendor Purchase Package,,,,,Z-BID PACKAGE
6469299,,519880,Phase 2 FAB Piers & Foundations - Construction Set,F20,111,0000FF,,Phase 2 FAB Piers & Foundations - Construction Set,,,,,Z-BID PACKAGE
6469300,,519880,Phase 2 FAB Building Shell & Super Structure,F21,112,0000FF,,Phase 2 FAB Building Shell & Super Structure,,,,,Z-BID PACKAGE
6469301,,519880,Phase 1 Support - Bump Out,F22,113,0000FF,,Phase 1 Support - Bump Out,,,,,Z-BID PACKAGE
6469302,,519881,INTERIOR BID PKG DELAY,INT PKG,1,,174.0,INTERIOR BID PKG DELAY,,,,,Z-DELAY CODES
6469303,,519881,RFI 452 SUP SLAB EDGE,RFI 452,1,0000FF,6.0,RFI 452 SUP SLAB EDGE,,,,,Z-DELAY CODES
6469304,,519881,SUP ROOF RE-DESIGN,SUP RF,1,,64.0,SUP ROOF RE-DESIGN,,,,,Z-DELAY CODES
6469305,,519881,DS/AD STEEL SHOP,DS STL,1,0000FF,27.0,DS/AD STEEL SHOP,,,,,Z-DELAY CODES
6469306,,519881,Pier & Foundations Addendum 1,F01B.01,0,0000FF,13.0,Pier & Foundations Addendum 1,,,,,Z-DELAY CODES
6469307,,519882,A1,A1,1604,0000FF,110.0,A1,,,,,Z-CONC-AREA
6469308,,519882,A2,A2,1704,0000FF,104.0,A2,,,,,Z-CONC-AREA
6469309,,519882,A3,A3,1804,0000FF,74.0,A3,,,,,Z-CONC-AREA
6469310,,519882,A4,A4,1904,0000FF,65.0,A4,,,,,Z-CONC-AREA
6469311,,519882,A5,A5,2004,0000FF,61.0,A5,,,,,Z-CONC-AREA
6469312,,519882,B1,B1,2104,0000FF,74.0,B1,,,,,Z-CONC-AREA
6469313,,519882,B2,B2,2204,0000FF,42.0,B2,,,,,Z-CONC-AREA
6469314,,519882,B3,B3,2304,0000FF,71.0,B3,,,,,Z-CONC-AREA
6469315,,519882,B4,B4,2404,0000FF,56.0,B4,,,,,Z-CONC-AREA
6469316,,519882,B5,B5,2504,0000FF,101.0,B5,,,,,Z-CONC-AREA
6469317,,519882,FIZ1 WEST INNER,FIZ1,0,0000FF,2.0,FIZ1 WEST INNER,,,,,Z-CONC-AREA
6469318,,519882,FIZ2 WEST OUTER,FIZ2,1,0000FF,5.0,FIZ2 WEST OUTER,,,,,Z-CONC-AREA
6469319,,519882,FIZ3 EAST INNER,FIZ3,2,0000FF,2.0,FIZ3 EAST INNER,,,,,Z-CONC-AREA
6469320,,519882,FIZ4 EAST OUTER,FIZ4,3,0000FF,4.0,FIZ4 EAST OUTER,,,,,Z-CONC-AREA
6469321,,519882,SEB2,SEB2,204,0000FF,3.0,SEB2,,,,,Z-CONC-AREA
6469322,,519882,SEB1,SEB1,104,0000FF,3.0,SEB1,,,,,Z-CONC-AREA
6469323,,519882,SEB3,SEB3,304,0000FF,2.0,SEB3,,,,,Z-CONC-AREA
6469324,,519882,SEB4,SEB4,404,0000FF,4.0,SEB4,,,,,Z-CONC-AREA
6469325,,519882,SEB5,SEB5,504,0000FF,2.0,SEB5,,,,,Z-CONC-AREA
6469326,,519882,SWB1,SWB1,1104,0000FF,15.0,SWB1,,,,,Z-CONC-AREA
6469327,,519882,SWB2,SWB2,1204,0000FF,27.0,SWB2,,,,,Z-CONC-AREA
6469328,,519882,SWB3,SWB3,1304,0000FF,1.0,SWB3,,,,,Z-CONC-AREA
6469329,,519882,SWB4,SWB4,1404,0000FF,13.0,SWB4,,,,,Z-CONC-AREA
6469330,,519882,SWB5,SWB5,1504,0000FF,3.0,SWB5,,,,,Z-CONC-AREA
6469331,,519882,SWA1,SWA1,604,0000FF,17.0,SWA1,,,,,Z-CONC-AREA
6469332,,519882,SWA2,SWA2,704,0000FF,16.0,SWA2,,,,,Z-CONC-AREA
6469333,,519882,SWA3,SWA3,804,0000FF,19.0,SWA3,,,,,Z-CONC-AREA
6469334,,519882,SWA4,SWA4,904,0000FF,9.0,SWA4,,,,,Z-CONC-AREA
6469335,,519882,SWA5,SWA5,1004,0000FF,19.0,SWA5,,,,,Z-CONC-AREA
6469336,,519882,SEA1,SEA1,4,0000FF,,SEA1,,,,,Z-CONC-AREA
6469337,,519882,SEA2,SEA2,5,0000FF,,SEA2,,,,,Z-CONC-AREA
6469338,,519882,SEA3,SEA3,6,0000FF,3.0,SEA3,,,,,Z-CONC-AREA
6469339,,519882,SEA4,SEA4,7,0000FF,1.0,SEA4,,,,,Z-CONC-AREA
6469340,,519882,SEA5,SEA5,8,0000FF,3.0,SEA5,,,,,Z-CONC-AREA
6469341,,519883,YATES,YATES,0,0000FF,4577.0,YATES,,,,,YATES-OWNER
6469342,,519884,Good to Publish,YES,0,0000FF,5107.0,Good to Publish,,,,,Z-PUBLISH
6469343,,519884,Not reviewed,NO,100,0000FF,,Not reviewed,,,,,Z-PUBLISH
6469344,,519885,ANDREA SOLIS,ANDREA SOLIS,101,0000FF,214.0,ANDREA SOLIS,,,,,Z-RESPONSIBLE
6469345,,519885,SEAN MONK,SEAN MONK,201,0000FF,820.0,SEAN MONK,,,,,Z-RESPONSIBLE
6469346,,519885,AMBER CARO,AMBER CARO,401,0000FF,648.0,AMBER CARO,,,,,Z-RESPONSIBLE
6469347,,519885,JAMES LEE,JAMES LEE,601,0000FF,462.0,JAMES LEE,,,,,Z-RESPONSIBLE
6469348,,519885,JAMES LIVELY,JAMES LIVELY,301,0000FF,798.0,JAMES LIVELY,,,,,Z-RESPONSIBLE
6469349,,519885,HOON WOO,HOON WOO,501,0000FF,167.0,HOON WOO,,,,,Z-RESPONSIBLE
6469350,,519885,PROJECT MILESTONES,MILESTONES,0,0000FF,47.0,PROJECT MILESTONES,,,,,Z-RESPONSIBLE
6469351,,519885,DONGSOO,DONGSOO,1,0000FF,21.0,DONGSOO,,,,,Z-RESPONSIBLE
6469352,,519885,FIZ DATA CENTER,FIZ,100,0000FF,919.0,FIZ DATA CENTER,,,,,Z-RESPONSIBLE
6469353,,519885,CONCRETE,CIP,100,0000FF,354.0,CONCRETE,,,,,Z-RESPONSIBLE
6469354,,519885,STEEL,STEEL,101,0000FF,,STEEL,,,,,Z-RESPONSIBLE
6469355,,519886,GAS PURIFIER RM,GAS RM,0,0000FF,25.0,GAS PURIFIER RM,,,,,Z-ROOM
6469356,,519886,WASTE WATER TANK RM,WWT,1,0000FF,12.0,WASTE WATER TANK RM,,,,,Z-ROOM
6469357,,519886,GCS TRAINING,GCS,1,0000FF,8.0,GCS TRAINING,,,,,Z-ROOM
6469358,,519886,H2 PURIFIER RM,H2 PURI,100,0000FF,18.0,H2 PURIFIER RM,,,,,Z-ROOM
6469359,,519886,WASTE LIQUOR RM,WLR,101,0000FF,25.0,WASTE LIQUOR RM,,,,,Z-ROOM
6469360,,519886,MCC/IO,MCC,100,0000FF,15.0,MCC/IO,,,,,Z-ROOM
6469361,,519886,GCS STORAGE,GCS ST,102,0000FF,12.0,GCS STORAGE,,,,,Z-ROOM
6469362,,519886,FA/TEM LAB,FA/TEM,103,0000FF,37.0,FA/TEM LAB,,,,,Z-ROOM
6469363,,519886,OAC MECH RM,OAC MEC,104,0000FF,15.0,OAC MECH RM,,,,,Z-ROOM
6469364,,519886,MECH RM 1,MECH1,105,0000FF,18.0,MECH RM 1,,,,,Z-ROOM
6469365,,519886,MECH RM 2,MECH 2,106,0000FF,34.0,MECH RM 2,,,,,Z-ROOM
6469366,,519886,MECH RM 3,MECH 3,107,0000FF,8.0,MECH RM 3,,,,,Z-ROOM
6469367,,519886,WAFER I/O RM,I/O,2310,0000FF,,WAFER I/O RM,,,,,Z-ROOM
6469368,,519886,PR RM,PR,2210,0000FF,9.0,PR RM,,,,,Z-ROOM
6469369,,519886,DATA CENTER 1,DATA-1,2510,0000FF,,DATA CENTER 1,,,,,Z-ROOM
6469370,,519886,DATA CENTER 2,DATA-2,2410,0000FF,21.0,DATA CENTER 2,,,,,Z-ROOM
6469371,,519886,ELECTRIC RM 1,ELEC 1,2610,0000FF,62.0,ELECTRIC RM 1,,,,,Z-ROOM
6469372,,519886,BATT. RM 1,BATT 1,2710,0000FF,16.0,BATT. RM 1,,,,,Z-ROOM
6469373,,519886,BATT. RM 2,BATT 2,2810,0000FF,7.0,BATT. RM 2,,,,,Z-ROOM
6469374,,519886,ELECTRIC RM 2,ELEC 2,2910,0000FF,87.0,ELECTRIC RM 2,,,,,Z-ROOM
6469375,,519886,BATT RM 3,BATT 3,3010,0000FF,20.0,BATT RM 3,,,,,Z-ROOM
6469376,,519886,UTILITY RM,UTILITY,3210,0000FF,,UTILITY RM,,,,,Z-ROOM
6469377,,519886,GCS STORAGE,GCS ST-1,3310,0000FF,,GCS STORAGE,,,,,Z-ROOM
6469378,,519886,BATT RM 5,BATT 5,3410,0000FF,,BATT RM 5,,,,,Z-ROOM
6469379,,519886,ELECTRIC RM 4,ELEC 4,3110,0000FF,7.0,ELECTRIC RM 4,,,,,Z-ROOM
6469380,,519886,Electric RM 3,ELEC 3,3510,0000FF,20.0,Electric RM 3,,,,,Z-ROOM
6469381,,519886,BATT RM 4,BATT 4,3610,0000FF,7.0,BATT RM 4,,,,,Z-ROOM
6469382,,519886,FIZ,FIZ,5812,0000FF,56.0,FIZ,,,,,Z-ROOM
6469383,,519886,FA LAB,FA LAB,3710,0000FF,24.0,FA LAB,,,,,Z-ROOM
6469384,,519886,SUB CLEAN RM,SUB CR,3810,0000FF,45.0,SUB CLEAN RM,,,,,Z-ROOM
6469385,,519886,ELECTRIC RM 1,ELEC 1-1,4010,0000FF,,ELECTRIC RM 1,,,,,Z-ROOM
6469386,,519886,BATT RM 3,BATT 2-1,4110,0000FF,,BATT RM 3,,,,,Z-ROOM
6469387,,519886,CRT LAB,CRT,3910,0000FF,12.0,CRT LAB,,,,,Z-ROOM
6469388,,519886,BATT RM 1,BATT 1-1,4310,0000FF,,BATT RM 1,,,,,Z-ROOM
6469389,,519886,BATT RM 2,BATT 2-2,4410,0000FF,,BATT RM 2,,,,,Z-ROOM
6469390,,519886,ELECTRIC RM 2,ELEC 2-1,4510,0000FF,,ELECTRIC RM 2,,,,,Z-ROOM
6469391,,519886,EDS,EDS,4610,0000FF,,EDS,,,,,Z-ROOM
6469392,,519886,WAFER I/O RM,WAFER,4210,0000FF,53.0,WAFER I/O RM,,,,,Z-ROOM
6469393,,519886,RETICLE RM,RETICLE,4710,0000FF,14.0,RETICLE RM,,,,,Z-ROOM
6469394,,519886,MCC RM 1,MCC1,4810,0000FF,2.0,MCC RM 1,,,,,Z-ROOM
6469395,,519886,I/O 1,I/O 1,4910,0000FF,1.0,I/O 1,,,,,Z-ROOM
6469396,,519886,VOC CRT RM,VOC CRT,5010,0000FF,,VOC CRT RM,,,,,Z-ROOM
6469397,,519886,I/O 2,I/O 2,5110,0000FF,,I/O 2,,,,,Z-ROOM
6469398,,519886,MCC RM 2,MCC 2,5210,0000FF,,MCC RM 2,,,,,Z-ROOM
6469399,,519886,DS/AD INTERIORS,DS/AD,100,0000FF,746.0,DS/AD INTERIORS,,,,,Z-ROOM
6469400,,519886,BUNKER ROOM,BUNKER,107,0000FF,30.0,BUNKER ROOM,,,,,Z-ROOM
6469401,,519886,ELEVATOR,ELEV,100,0000FF,359.0,ELEVATOR,,,,,Z-ROOM
6469402,,519886,STAIRWAYS,STR,5410,0000FF,,STAIRWAYS,,,,,Z-ROOM
6469403,,519886,GL33 EXTERIOR AREAS,G33.TYP,5510,0000FF,,GL33 EXTERIOR AREAS,,,,,Z-ROOM
6469404,,519886,MEP EQUIPMENT LEAVEOUT AREAS,G33.MEP,5610,0000FF,,MEP EQUIPMENT LEAVEOUT AREAS,,,,,Z-ROOM
6469405,,519886,GL 33 PROCUREMENT ITEMS,33.PROC,5311,0000FF,20.0,GL 33 PROCUREMENT ITEMS,,,,,Z-ROOM
6469406,,519886,FAB WEST 19 -16[10],FW19-16,1010,0000FF,,FAB WEST 19 -16[10],,,,,Z-ROOM
6469407,,519886,FAB EAST 13 - 10,FE13-10,1810,0000FF,1.0,FAB EAST 13 - 10,,,,,Z-ROOM
6469408,,519886,FAB EAST 10 - 7[4],FE10-7,108,0000FF,1.0,FAB EAST 10 - 7[4],,,,,Z-ROOM
6469409,,519886,FAB EAST 7 - 3[5],FE7-3,109,0000FF,1.0,FAB EAST 7 - 3[5],,,,,Z-ROOM
6469410,,519886,FAB EAST 33 - 31,FE33-31,1910,0000FF,1.0,FAB EAST 33 - 31,,,,,Z-ROOM
6469411,,519886,FAB EAST 24 - 21[11],FE24-21,1210,0000FF,3.0,FAB EAST 24 - 21[11],,,,,Z-ROOM
6469412,,519886,"FAB WEST 8 - 3[15,16]",FW8-3,1510,0000FF,3.0,"FAB WEST 8 - 3[15,16]",,,,,Z-ROOM
6469413,,519886,FAB WEST 10 - 8[13],FW10-8,1410,0000FF,1.0,FAB WEST 10 - 8[13],,,,,Z-ROOM
6469414,,519886,FAB WEST 13 - 10[12],FW13-10,1310,0000FF,,FAB WEST 13 - 10[12],,,,,Z-ROOM
6469415,,519886,FAB WEST 16 - 13[11],FW16-13,1110,0000FF,,FAB WEST 16 - 13[11],,,,,Z-ROOM
6469416,,519886,FAB WEST 21 - 24[8],FW21-24,610,0000FF,,FAB WEST 21 - 24[8],,,,,Z-ROOM
6469417,,519886,FAB WEST 19 - 21[9],FW19-21,910,0000FF,2.0,FAB WEST 19 - 21[9],,,,,Z-ROOM
6469418,,519886,FAB WEST 24 - 27[7],FW24-27,410,0000FF,1.0,FAB WEST 24 - 27[7],,,,,Z-ROOM
6469419,,519886,FAB WEST 27 - 33[6],FW27-33,210,0000FF,3.0,FAB WEST 27 - 33[6],,,,,Z-ROOM
6469420,,519886,FAB EAST 17 - 13,FE17-13,1710,0000FF,2.0,FAB EAST 17 - 13,,,,,Z-ROOM
6469421,,519886,FAB EAST 17 - 19,FE19-17,1610,0000FF,,FAB EAST 17 - 19,,,,,Z-ROOM
6469422,,519886,FAB EAST 21 - 19,FE21-19,2010,0000FF,,FAB EAST 21 - 19,,,,,Z-ROOM
6469423,,519886,FAB EAST 27 - 31,FE27-31,2110,0000FF,2.0,FAB EAST 27 - 31,,,,,Z-ROOM
6469424,,519886,FAB EAST 21 - 17,FE21-27,1,,1.0,FAB EAST 21 - 17,,,,,Z-ROOM
6469425,,519886,FAB CENTER 27-33[9],FC27-33,810,0000FF,1.0,FAB CENTER 27-33[9],,,,,Z-ROOM
6469426,,519886,FAB CENTER 27-21[5],FC27-21,110,0000FF,,FAB CENTER 27-21[5],,,,,Z-ROOM
6469427,,519886,FAB CENTER 21-15[6],FC21-15,310,0000FF,,FAB CENTER 21-15[6],,,,,Z-ROOM
6469428,,519886,FAB CENTER 15-8[7],FC15-8,510,0000FF,1.0,FAB CENTER 15-8[7],,,,,Z-ROOM
6469429,,519886,FAB CENTER 8-3[9],FC8-3,710,0000FF,,FAB CENTER 8-3[9],,,,,Z-ROOM
6469430,,519886,FAB E LINE 5-20,FE 5-20,1,,1.0,FAB E LINE 5-20,,,,,Z-ROOM
6469431,,519886,BATHROOM,BR,5310,0000FF,92.0,BATHROOM,,,,,Z-ROOM
6469432,,519886,SLURRY ROOM STAIR ,SR,1,0000FF,16.0,SLURRY ROOM STAIR ,,,,,Z-ROOM
6469433,,519886,FIRE ALARM ,FA,1,,23.0,FIRE ALARM ,,,,,Z-ROOM
6469434,,519886,SUE - SUPPORT EAST,SUE,5712,0000FF,59.0,SUE - SUPPORT EAST,,,,,Z-ROOM
6469435,,519886,SUW - SUPPORT WEST,SUW,5713,0000FF,100.0,SUW - SUPPORT WEST,,,,,Z-ROOM
6469436,,519886,FIZ,FIZ-1,5711,0000FF,29.0,FIZ,,,,,Z-ROOM
6469437,,519886,CV ROOM,CV ROOM,1,0000FF,2.0,CV ROOM,,,,,Z-ROOM
6469438,,519886,IT/SECURITY,IT,1,,10.0,IT/SECURITY,,,,,Z-ROOM
6469439,,519886,GCS STORAGE ,GCS STG,1,,2.0,GCS STORAGE ,,,,,Z-ROOM
6469440,,519886,H2O4 & NAOH ,H2&NAOH,5710,0000FF,3.0,H2O4 & NAOH ,,,,,Z-ROOM
6469441,,519886,"Int. Doors Filter 1, 2, 3",Doors,511,0000FF,40.0,"Int. Doors Filter 1, 2, 3",,,,,Z-ROOM
6469442,,519886,AIRLOCKS & VESTABLES,AIRLOCK,100,0000FF,26.0,AIRLOCKS & VESTABLES,,,,,Z-ROOM
6469443,,519887,AD ACTIVITIES,AD,0,0000FF,173.0,AD ACTIVITIES,,,,,Z-REPORTING
6469444,,519887,DS ACTIVITIES,DS,100,0000FF,136.0,DS ACTIVITIES,,,,,Z-REPORTING
6469445,,519887,SUE ACTIVITIES,SUPE,100,0000FF,216.0,SUE ACTIVITIES,,,,,Z-REPORTING
6469446,,519887,SUW ACTIVTIES,SUPW,101,0000FF,158.0,SUW ACTIVTIES,,,,,Z-REPORTING
6469447,,519887,SUPPORT EXTERIOR ACTIVITIES,EXT,102,0000FF,254.0,SUPPORT EXTERIOR ACTIVITIES,,,,,Z-REPORTING
6469448,,519887,FIZ ROOF - EAST,FIZ.E,103,0000FF,6.0,FIZ ROOF - EAST,,,,,Z-REPORTING
6469449,,519887,FIZ ROOF - WEST,FIZ.W,104,0000FF,10.0,FIZ ROOF - WEST,,,,,Z-REPORTING
6469450,,519887,SUW CRANE IMPACT,CRANE,100,0000FF,,SUW CRANE IMPACT,,,,,Z-REPORTING
6469451,,519887,SE PENTHOUSE,SEPH,105,0000FF,,SE PENTHOUSE,,,,,Z-REPORTING
6469452,,519887,MEP IMPACTS,MEP,106,0000FF,,MEP IMPACTS,,,,,Z-REPORTING
6469453,,519887,ELEVATORS,ELV,107,0000FF,202.0,ELEVATORS,,,,,Z-REPORTING
6469454,,519887,STAIRS,STAIRS,108,0000FF,13.0,STAIRS,,,,,Z-REPORTING
6469455,,519887,SUPPORT STEEL,SUPSTL,109,0000FF,20.0,SUPPORT STEEL,,,,,Z-REPORTING
6469456,,519888,DS IMP PANELS,DS,0,0000FF,11.0,DS IMP PANELS,,,,,Z-WW_PIPERACK
6469457,,519888,PIPERACK INSTALL,WW,100,0000FF,,PIPERACK INSTALL,,,,,Z-WW_PIPERACK
6469458,,519889,BERG,BERG,0,0000FF,681.0,BERG,,,,,Z-SUB CONTRACTOR
6469459,,519889,PATRIOT,PATRIOT,100,0000FF,187.0,PATRIOT,,,,,Z-SUB CONTRACTOR
6469460,,519889,KOVACH,KOVACH,101,0000FF,274.0,KOVACH,,,,,Z-SUB CONTRACTOR
6469461,,519889,ROLLING PLAINS,RP,102,0000FF,277.0,ROLLING PLAINS,,,,,Z-SUB CONTRACTOR
6469462,,519889,W&W,W&W,103,0000FF,211.0,W&W,,,,,Z-SUB CONTRACTOR
6469463,,519889,BAKER,BAKER,104,0000FF,270.0,BAKER,,,,,Z-SUB CONTRACTOR
6469464,,519889,BRAZOS,BRAZOS,105,0000FF,390.0,BRAZOS,,,,,Z-SUB CONTRACTOR
6469465,,519889,ALPHA,ALPHA,106,0000FF,82.0,ALPHA,,,,,Z-SUB CONTRACTOR
6469466,,519889,CHERRY COATING,CHERRY,107,0000FF,235.0,CHERRY COATING,,,,,Z-SUB CONTRACTOR
6469467,,519889,SECAI,SECAI,208,FF8000,288.0,SECAI,,,,,Z-SUB CONTRACTOR
6469468,,519889,PERRY & PERRY,PP,104,0000FF,55.0,PERRY & PERRY,,,,,Z-SUB CONTRACTOR
6469469,,519889,LATCON,LAT,105,0000FF,19.0,LATCON,,,,,Z-SUB CONTRACTOR
6469470,,519889,INFINITY,INFTY,108,0000FF,4.0,INFINITY,,,,,Z-SUB CONTRACTOR
6469471,,519889,ALK,ALK,109,0000FF,18.0,ALK,,,,,Z-SUB CONTRACTOR
6469472,,519889,BERNCO,BCO,106,0000FF,55.0,BERNCO,,,,,Z-SUB CONTRACTOR
6469473,,519889,SPECTRA,SPECTRA,107,0000FF,4.0,SPECTRA,,,,,Z-SUB CONTRACTOR
6469474,,519889,H2I,H2I,108,0000FF,9.0,H2I,,,,,Z-SUB CONTRACTOR
6469475,,519889,SELECT PREFAB,SELECT,109,0000FF,12.0,SELECT PREFAB,,,,,Z-SUB CONTRACTOR
6469476,,519889,DOORS AND HARDWARE,DOORS,110,0000FF,53.0,DOORS AND HARDWARE,,,,,Z-SUB CONTRACTOR
6469477,,519889,FINISH PAINT,PAINT,108,0000FF,213.0,FINISH PAINT,,,,,Z-SUB CONTRACTOR
6469478,,519889,MK MARLOW,MK ,1,,9.0,MK MARLOW,,,,,Z-SUB CONTRACTOR
6469479,,519889,WATER PROOFING GL33,WP GL33,1,,37.0,WATER PROOFING GL33,,,,,Z-SUB CONTRACTOR
6469480,,519889,FLOOR STRIPING PAINT,FP,1,,30.0,FLOOR STRIPING PAINT,,,,,Z-SUB CONTRACTOR
6469481,,519890,SUE - A LINE (SUPPORT EXTERIOR WALL),A LINE,101,0000FF,133.0,SUE - A LINE (SUPPORT EXTERIOR WALL),,,,,Z-EXT-AREA
6469482,,519890,SUE - C LINE (DS SIDE),C LINE,200,0000FF,87.0,SUE - C LINE (DS SIDE),,,,,Z-EXT-AREA
6469483,,519890,SUE - D LINE (AD SIDE),D LINE,300,0000FF,82.0,SUE - D LINE (AD SIDE),,,,,Z-EXT-AREA
6469484,,519890,SUW - K LINE (AD SIDE),K LINE,700,0000FF,76.0,SUW - K LINE (AD SIDE),,,,,Z-EXT-AREA
6469485,,519890,SUW - L LINE (DS SIDE),L LINE,800,0000FF,100.0,SUW - L LINE (DS SIDE),,,,,Z-EXT-AREA
6469486,,519890,SUW - N LINE (SUPPORT EXTERIOR WALL),N LINE,900,0000FF,151.0,SUW - N LINE (SUPPORT EXTERIOR WALL),,,,,Z-EXT-AREA
6469487,,519890,SUE - E LINE (AD SIDE),E LINE,400,0000FF,28.0,SUE - E LINE (AD SIDE),,,,,Z-EXT-AREA
6469488,,519890,SUW - J LINE (AD SIDE),J LINE,600,0000FF,24.0,SUW - J LINE (AD SIDE),,,,,Z-EXT-AREA
6469489,,519890,FAB - GRIDLINE 3,GL 3,500,0000FF,12.0,FAB - GRIDLINE 3,,,,,Z-EXT-AREA
6469490,,519890,SOUTHEAST PENTHOUSE,SE PH,1000,0000FF,15.0,SOUTHEAST PENTHOUSE,,,,,Z-EXT-AREA
6469491,,519890,NORTHEAST PENTHOUSE,NE PH,1200,0000FF,24.0,NORTHEAST PENTHOUSE,,,,,Z-EXT-AREA
6469492,,519890,SOUTHWEST PENTHOUSE,SW PH,1100,0000FF,6.0,SOUTHWEST PENTHOUSE,,,,,Z-EXT-AREA
6469493,,519890,NORTHWEST PENTHOUSE,NW PH,1300,0000FF,34.0,NORTHWEST PENTHOUSE,,,,,Z-EXT-AREA
6469494,,519890,MOCKUP,MOCK,0,0000FF,2.0,MOCKUP,,,,,Z-EXT-AREA
6469495,,519890,FABRICATION,FAB,100,0000FF,17.0,FABRICATION,,,,,Z-EXT-AREA
6469496,,519891,[PATRIOT] CLADDING STEEL - INITIAL INSTALLATION,CS.INTL,0,0000FF,52.0,[PATRIOT] CLADDING STEEL - INITIAL INSTALLATION,,,,,Z-EXT-OPS
6469497,,519891,[PATRIOT] CLADDING STEEL - MEP OPENING REWORK,CS.MEP,100,0000FF,92.0,[PATRIOT] CLADDING STEEL - MEP OPENING REWORK,,,,,Z-EXT-OPS
6469498,,519891,[ALPHA] PAINTING BOLTS,BOLTS,101,0000FF,82.0,[ALPHA] PAINTING BOLTS,,,,,Z-EXT-OPS
6469499,,519891,[KOVACH] IMP PANEL INSTALLATION,IMP,202,0000FF,279.0,[KOVACH] IMP PANEL INSTALLATION,,,,,Z-EXT-OPS
6469500,,519891,[ALPHA/ROLLING PLANES] BEAM/KICKOUT PAINTING & FIREPROOFING,FP,102,0000FF,2.0,[ALPHA/ROLLING PLANES] BEAM/KICKOUT PAINTING & FIREPROOFING,,,,,Z-EXT-OPS
6469501,,519891,[BERG] METAL STUD FRAMING,FRAME,103,0000FF,33.0,[BERG] METAL STUD FRAMING,,,,,Z-EXT-OPS
6469502,,519892,YES,L4&L6,0,0000FF,186.0,YES,,,,,z- L4& L6 SLAB & TOPPING SLAB
6469503,,519893,YES,Y,0,0000FF,639.0,YES,,,,,Z-MANPREET
6469504,,519894,YES,Y,0,0000FF,20.0,YES,,,,,Z-BOWERS
6469505,,519894,A LINE 1-6,2,100,0000FF,131.0,A LINE 1-6,,,,,Z-BOWERS
6469506,,519895,YES,YES,0,0000FF,52.0,YES,,,,,Z- SAMI DCC- BEAMS
6469507,,519896,YES,Y,0,0000FF,96.0,YES,,,,,Z-MEP IMPACTS
6469508,,519897,Truss Fireproofing,Yes,0,0000FF,20.0,Truss Fireproofing,,,,,Z - TRUSS Fireproofing
6469509,,519898,GRIDLINE 19 EXPANSION JOINT ISSUE,IMP-1,0,0000FF,29.0,GRIDLINE 19 EXPANSION JOINT ISSUE,,,,,Z-IMPACT REPORT
6469510,,519898,ADDED DUCT CLADDING SUPPORT STRUCTURE,IMP-2,100,0000FF,18.0,ADDED DUCT CLADDING SUPPORT STRUCTURE,,,,,Z-IMPACT REPORT
6469511,,519898,INTERIOR DOOR PROCUREMENT (DRB-008),IMP-3,101,0000FF,30.0,INTERIOR DOOR PROCUREMENT (DRB-008),,,,,Z-IMPACT REPORT
6469512,,519898,AUTOMATIC ALUMINUM SLIDING DOORS (CLEAN ROOMS) PROCUREMENT,IMP-4,104,0000FF,14.0,AUTOMATIC ALUMINUM SLIDING DOORS (CLEAN ROOMS) PROCUREMENT,,,,,Z-IMPACT REPORT
6469513,,519898,SE PENTHOUSE TEMP ENCLOSURE,IMP-5,105,0000FF,2.0,SE PENTHOUSE TEMP ENCLOSURE,,,,,Z-IMPACT REPORT
6469514,,519898,PENTHOUSE MEP OPENINGS,IMP-6,106,0000FF,22.0,PENTHOUSE MEP OPENINGS,,,,,Z-IMPACT REPORT
6469515,,519898,EXTERIOR DOOR PROCUREMENT,IMP-7,107,0000FF,61.0,EXTERIOR DOOR PROCUREMENT,,,,,Z-IMPACT REPORT
6469516,,519898,EXISTING DOOR PROCUREMENT ACTIVITIES,IMP-8,108,0000FF,,EXISTING DOOR PROCUREMENT ACTIVITIES,,,,,Z-IMPACT REPORT
6469517,,519898,L2 GIRDER MISSING PIPERACK INSERT - GL 31-32 - M LINE,IMP-9,109,0000FF,6.0,L2 GIRDER MISSING PIPERACK INSERT - GL 31-32 - M LINE,,,,,Z-IMPACT REPORT
6469518,,519898,CCD 345 - INTERIOR DOORS (DRB-009),IMP-10,102,0000FF,2.0,CCD 345 - INTERIOR DOORS (DRB-009),,,,,Z-IMPACT REPORT
6469519,,519898,CCD 367 - INTERIOR DOORS (DRB-010),IMP-11,103,0000FF,2.0,CCD 367 - INTERIOR DOORS (DRB-010),,,,,Z-IMPACT REPORT
6469520,,519898,GL19 EXPANSION JOINT - WW STEEL,IMP-12,110,0000FF,13.0,GL19 EXPANSION JOINT - WW STEEL,,,,,Z-IMPACT REPORT
6469521,,519899,YES,Y,0,0000FF,15.0,YES,,,,,Z-HAMID PHOTOS
6469522,,519900,YES,Y,0,0000FF,,YES,,,,,Z-JMEG REQUEST
6469523,,519901,D-LINE,D-LINE,0,0000FF,80.0,D-LINE,,,,,Z - REMIADIATIOMN
6469524,,519901,C-LINE,C- LINE,100,0000FF,36.0,C-LINE,,,,,Z - REMIADIATIOMN
6469525,,519901,K-LINE,K-LINE,101,0000FF,81.0,K-LINE,,,,,Z - REMIADIATIOMN
6469526,,519901,1-LINE,1-LINE,102,0000FF,11.0,1-LINE,,,,,Z - REMIADIATIOMN
6469527,,519901,3-LINE,3-LINE,103,0000FF,10.0,3-LINE,,,,,Z - REMIADIATIOMN
6469528,,519902,EAST WALL,EAST,0,0000FF,,EAST WALL,,,,,Z-PH WALL
6469529,,519902,SOUTH WALL,SOUTH,100,0000FF,6.0,SOUTH WALL,,,,,Z-PH WALL
6469530,,519902,NORTH WALL,NORTH,101,0000FF,9.0,NORTH WALL,,,,,Z-PH WALL
6469531,,519902,ALL WALLS,ALL,102,0000FF,42.0,ALL WALLS,,,,,Z-PH WALL
6469532,,519903,SOUTH EAST PENTHOUSE,SE PH,0,0000FF,26.0,SOUTH EAST PENTHOUSE,,,,,Z-JOSH REPORT
6469533,,519903,SOUTHWEST PENTHOUSE,SW PH,100,0000FF,67.0,SOUTHWEST PENTHOUSE,,,,,Z-JOSH REPORT
6469534,,519903,NORTHEAST PENTHOUSE,NE PH,101,0000FF,23.0,NORTHEAST PENTHOUSE,,,,,Z-JOSH REPORT
6469535,,519903,NORTHWEST PENTHOUSE,NW PH,102,0000FF,28.0,NORTHWEST PENTHOUSE,,,,,Z-JOSH REPORT
6469536,,519904,NORTH & SOUTH WALLS,NS,0,0000FF,21.0,NORTH & SOUTH WALLS,,,,,Z-JOSH REPORT-2
6469537,,519904,SOUTH WALL,S,100,0000FF,14.0,SOUTH WALL,,,,,Z-JOSH REPORT-2
6469538,,519904,EAST WALL (A LINE),E,201,0000FF,12.0,EAST WALL (A LINE),,,,,Z-JOSH REPORT-2
6469539,,519904,WEST WALL (N LINE),W,301,0000FF,76.0,WEST WALL (N LINE),,,,,Z-JOSH REPORT-2
6469540,,519904,SOUTH & EAST WALL (A LINE),SE,101,0000FF,21.0,SOUTH & EAST WALL (A LINE),,,,,Z-JOSH REPORT-2
6469541,,519905,ELEVATOR 01A,01A,0,0000FF,7.0,ELEVATOR 01A,,,,,Z-ELEVATOR 01 BANK
6469542,,519905,ELEVATOR 01,01,100,0000FF,9.0,ELEVATOR 01,,,,,Z-ELEVATOR 01 BANK
6469543,,519905,ELEVATOR 01B,01B,101,0000FF,25.0,ELEVATOR 01B,,,,,Z-ELEVATOR 01 BANK
6469544,,519906,YES,Yes,0,0000FF,143.0,YES,,,,,Z- L3 DRYWALL & FP
6469545,,519907,SUE GRATING PENETRATIONS - L2-L4,SUE,0,0000FF,,SUE GRATING PENETRATIONS - L2-L4,,,,,Z-PERRYPERRY
6469546,,519907,SUW GRATING PENETRATIONS - L2-L4,SUW,700,0000FF,,SUW GRATING PENETRATIONS - L2-L4,,,,,Z-PERRYPERRY
6469547,,519908,ADMIN / PROCUREMENT,ADMN,0,0000FF,15.0,ADMIN / PROCUREMENT,,,,,Z-ELEVATOR REPORT
6469548,,519908,PRIORITY #1 ELEVATORS,P1,100,0000FF,,PRIORITY #1 ELEVATORS,,,,,Z-ELEVATOR REPORT
6469549,,519908,PRIORITY #2 ELEVATORS,P2,801,0000FF,,PRIORITY #2 ELEVATORS,,,,,Z-ELEVATOR REPORT
6469550,,519909,SUPPORT - WEST,SUW,100,0000FF,,SUPPORT - WEST,,,,,Z-DS WP L6
6469551,,519909,SUPPORT - EAST,SUE,0,0000FF,,SUPPORT - EAST,,,,,Z-DS WP L6
6469552,,519910,LEVEL 4 EDGE OF SLAB & PARAPETS,L4,0,0000FF,42.0,LEVEL 4 EDGE OF SLAB & PARAPETS,,,,,Z-PARAPET RF
6469553,,519910,LEVEL 6 EDGE OF SLAB & PARAPETS,L6,100,0000FF,50.0,LEVEL 6 EDGE OF SLAB & PARAPETS,,,,,Z-PARAPET RF
6469554,,519910,L3&L2,L2 & L3,1,,12.0,L3&L2,,,,,Z-PARAPET RF
6469555,,519911,GL 3:  ADMINISTRATIVE,ADMN,0,0000FF,2.0,GL 3:  ADMINISTRATIVE,,,,,Z-GL 3
6469556,,519911,GL 3:  WEST SIDE - G-J,WEST,100,0000FF,17.0,GL 3:  WEST SIDE - G-J,,,,,Z-GL 3
6469557,,519911,GL 3:  EAST SIDE - E-G,EAST,101,0000FF,9.0,GL 3:  EAST SIDE - E-G,,,,,Z-GL 3
6469558,,519912,NCR 372 - ELEVATOR BOLT REMEDIATION (3 / 5 / 18 / 20 / 33),Y,0,0000FF,25.0,NCR 372 - ELEVATOR BOLT REMEDIATION (3 / 5 / 18 / 20 / 33),,,,,Z-ELEV BOLTS
6469559,,519913,YES,Y,0,0000FF,65.0,YES,,,,,Z-PATRIOT
6469560,,519914,YES,Y,0,0000FF,63.0,YES,,,,,Z-ROOF IMPACTS
6469561,,519915,YES,Y,0,0000FF,41.0,YES,,,,,Z-STAIR PRIME
6469562,,519916,AREA 3,8/23,101,0000FF,,AREA 3,,,,,Z- WAFFLE POCKET AREAS
6469563,,519916,AREA 2,8/16,100,0000FF,,AREA 2,,,,,Z- WAFFLE POCKET AREAS
6469564,,519916,AREA 1,8/7,0,0000FF,,AREA 1,,,,,Z- WAFFLE POCKET AREAS
6469565,,519916,AREA 4,8/25,102,0000FF,,AREA 4,,,,,Z- WAFFLE POCKET AREAS
6469566,,519916,AREA 5,8/30,103,0000FF,,AREA 5,,,,,Z- WAFFLE POCKET AREAS
6469567,,519916,AREA 7,9/7,105,0000FF,,AREA 7,,,,,Z- WAFFLE POCKET AREAS
6469568,,519916,AREA 9,9/14,205,0000FF,,AREA 9,,,,,Z- WAFFLE POCKET AREAS
6469569,,519916,AREA 10,9/15,206,0000FF,,AREA 10,,,,,Z- WAFFLE POCKET AREAS
6469570,,519916,AREA 8,9/10,106,0000FF,,AREA 8,,,,,Z- WAFFLE POCKET AREAS
6469571,,519916,AREA 6,9/2,104,0000FF,,AREA 6,,,,,Z- WAFFLE POCKET AREAS
6469572,,519916,AREA 11,11,207,0000FF,,AREA 11,,,,,Z- WAFFLE POCKET AREAS
6469573,,519917,CREW #1,1,0,0000FF,48.0,CREW #1,,,,,Z-INT STAIR CREW
6469574,,519917,CREW #2,2,100,0000FF,49.0,CREW #2,,,,,Z-INT STAIR CREW
6469575,,519917,CREW #3,3,101,0000FF,11.0,CREW #3,,,,,Z-INT STAIR CREW
6469577,,519919,DRYWALL SCHEDULE,NAME,0,0000FF,,DRYWALL SCHEDULE,,,,,ACTIVITY PRIORITY
6469578,,519919,MILESTONES,MILE,1,0000FF,38.0,MILESTONES,,,,,ACTIVITY PRIORITY
6469579,,519919,"PRIORITY DOORS ELEC, I/O, FA RMS",DR ELE,101,0000FF,,"PRIORITY DOORS ELEC, I/O, FA RMS",,,,,ACTIVITY PRIORITY
6469580,,519919,EXTERIOR DOORS,E1,400,0000FF,,EXTERIOR DOORS,,,,,ACTIVITY PRIORITY
6469581,,519919,PRIORITY 1,1,401,0000FF,,PRIORITY 1,,,,,ACTIVITY PRIORITY
6469582,,519919,PRIORITY 2,2,402,0000FF,,PRIORITY 2,,,,,ACTIVITY PRIORITY
6469583,,519919,ALUMINUM SLIDING DOORS,AL1,502,0000FF,,ALUMINUM SLIDING DOORS,,,,,ACTIVITY PRIORITY
6469584,,519919,OHC DOORS,OHC,602,0000FF,,OHC DOORS,,,,,ACTIVITY PRIORITY
6469585,,519919,PRIORITY 3,3,702,0000FF,,PRIORITY 3,,,,,ACTIVITY PRIORITY
6469586,,519919,PRIORITY 4,4,802,0000FF,,PRIORITY 4,,,,,ACTIVITY PRIORITY
6469587,,519919,PRIORITY 5,5,902,0000FF,,PRIORITY 5,,,,,ACTIVITY PRIORITY
6469588,,519920,Drywall Area,DRYArea,26001,0000FF,,Drywall Area,,,,,Z-DryWall Area
6469589,6469203.0,519876,DOORS & HARDWARE - OVERHEAD,DOORS-2,601,0000FF,23.0,TBD Architectural Finishes,DOORS & HARDWARE - OVERHEAD,,,,Z-TRADE
6469590,6469203.0,519876,DOORS & HARDWARE - EXTERIOR,DOORS-1,501,0000FF,16.0,TBD Architectural Finishes,DOORS & HARDWARE - EXTERIOR,,,,Z-TRADE
6469591,6469203.0,519876,DRYWALL,DRYWALL,101,0000FF,918.0,TBD Architectural Finishes,DRYWALL,,,,Z-TRADE
6469592,6469203.0,519876,FLOORING,FLOORING,301,0000FF,21.0,TBD Architectural Finishes,FLOORING,,,,Z-TRADE
6469593,6469203.0,519876,DOORS & HARDWARE - INTERIOR,DOORS,401,0000FF,32.0,TBD Architectural Finishes,DOORS & HARDWARE - INTERIOR,,,,Z-TRADE
6469594,6469203.0,519876,PAINTING,PAINTING,701,0000FF,,TBD Architectural Finishes,PAINTING,,,,Z-TRADE
6469595,6469203.0,519876,FLOOR COATING,CRC,801,0000FF,15.0,TBD Architectural Finishes,FLOOR COATING,,,,Z-TRADE
6469596,6469203.0,519876,JOINT SEALANT & CAULKING,JOINT SEALANT,901,0000FF,,TBD Architectural Finishes,JOINT SEALANT & CAULKING,,,,Z-TRADE
6469597,6469203.0,519876,JOINT SEALANT & CAULKING,JOINT SEALANT-1,1001,0000FF,,TBD Architectural Finishes,JOINT SEALANT & CAULKING,,,,Z-TRADE
6469598,6469203.0,519876,FIXTURES & WALL PROTECTION,MISCELLANEOUS,1101,0000FF,16.0,TBD Architectural Finishes,FIXTURES & WALL PROTECTION,,,,Z-TRADE
6469599,6469203.0,519876,Insulation,INSULATION,1,0000FF,3.0,TBD Architectural Finishes,Insulation,,,,Z-TRADE
6469600,6469203.0,519876,Expansion Control,EXP CONTROL,1201,0000FF,16.0,TBD Architectural Finishes,Expansion Control,,,,Z-TRADE
6469601,6469203.0,519876,Fireproofing,FIREPROOFING,1301,0000FF,292.0,TBD Architectural Finishes,Fireproofing,,,,Z-TRADE
6469602,6469203.0,519876,Cold Formed Metal Framing,CFMF,0,0000FF,,TBD Architectural Finishes,Cold Formed Metal Framing,,,,Z-TRADE
6469603,6469203.0,519876,BERG DRYWALL,BERG,201,0000FF,,TBD Architectural Finishes,BERG DRYWALL,,,,Z-TRADE
6469604,6469204.0,519876,Roofing,07 Roofing,1,0000FF,166.0,INSULATED METAL PANELS,Roofing,,,,Z-TRADE
6469605,6469204.0,519876,Waterproofing - Preferred,07 WATERPROOF,201,0000FF,93.0,INSULATED METAL PANELS,Waterproofing - Preferred,,,,Z-TRADE
6469606,6469204.0,519876,STAIRS,STAIRS,101,0000FF,39.0,INSULATED METAL PANELS,STAIRS,,,,Z-TRADE
6469607,6469205.0,519876,Steel Fabricator - W&W,05 Steel Fab,300,0000FF,74.0,Steel Erector - W&W,Steel Fabricator - W&W,,,,Z-TRADE
6469608,6469205.0,519876,Pre-Assemble Trusses,PreAssemble,0,0000FF,30.0,Steel Erector - W&W,Pre-Assemble Trusses,,,,Z-TRADE
6469609,6469205.0,519876,Steel Erection,DS/AD,200,0000FF,189.0,Steel Erector - W&W,Steel Erection,,,,Z-TRADE
6469610,6469205.0,519876,Decking & Detail,Decking,101,0000FF,341.0,Steel Erector - W&W,Decking & Detail,,,,Z-TRADE
6469611,6469205.0,519876,"Truss Erect, Infill & Decking",Truss Erect,100,0000FF,30.0,Steel Erector - W&W,"Truss Erect, Infill & Decking",,,,Z-TRADE
6469612,6469206.0,519876,Concrete Cure,Cure,6,0000FF,103.0,Cast-in Place Concrete - Baker Concrete,Concrete Cure,,,,Z-TRADE
6469613,6469206.0,519876,Excavate CIP,Excavate,1,0000FF,19.0,Cast-in Place Concrete - Baker Concrete,Excavate CIP,,,,Z-TRADE
6469614,6469206.0,519876,Pour Concrete,FRP,101,0000FF,243.0,Cast-in Place Concrete - Baker Concrete,Pour Concrete,,,,Z-TRADE
6469615,6469206.0,519876,BACKFILL,BACKFILL,401,0000FF,7.0,Cast-in Place Concrete - Baker Concrete,BACKFILL,,,,Z-TRADE
6469616,6469206.0,519876,RAT SLAB,RATSLAB,501,0000FF,20.0,Cast-in Place Concrete - Baker Concrete,RAT SLAB,,,,Z-TRADE
6469617,6469206.0,519876,SOMD,SOMD,0,0000FF,219.0,Cast-in Place Concrete - Baker Concrete,SOMD,,,,Z-TRADE
6469618,6469206.0,519876,TOPPING,TOPPING,2,0000FF,436.0,Cast-in Place Concrete - Baker Concrete,TOPPING,,,,Z-TRADE
6469619,6469206.0,519876,CIP WALL,CIP WALL,201,0000FF,46.0,Cast-in Place Concrete - Baker Concrete,CIP WALL,,,,Z-TRADE
6469620,6469206.0,519876,OAC/ MECH PADS,MEP,5,0000FF,75.0,Cast-in Place Concrete - Baker Concrete,OAC/ MECH PADS,,,,Z-TRADE
6469621,6469213.0,519876,Precast Erector - SnS Erectors,03 PC Erect,0,FF00FF,,Precast,Precast Erector - SnS Erectors,,,,Z-TRADE
6469622,6469218.0,519877,WALL & DOOR PROTECTION,WDP,800,0000FF,12.0,PRIORITY 2 ARCHITECTURAL SCOPE,WALL & DOOR PROTECTION,,,,Z-LEVEL
6469623,6469218.0,519877,WIRE MESH PARTITIONS,PAR,700,0000FF,,PRIORITY 2 ARCHITECTURAL SCOPE,WIRE MESH PARTITIONS,,,,Z-LEVEL
6469624,6469218.0,519877,TOILET ACCESSORIES,TA,600,0000FF,10.0,PRIORITY 2 ARCHITECTURAL SCOPE,TOILET ACCESSORIES,,,,Z-LEVEL
6469625,6469218.0,519877,FLOORING,FL,500,0000FF,10.0,PRIORITY 2 ARCHITECTURAL SCOPE,FLOORING,,,,Z-LEVEL
6469626,6469218.0,519877,ACOUSTIC PANELS,AP,400,0000FF,,PRIORITY 2 ARCHITECTURAL SCOPE,ACOUSTIC PANELS,,,,Z-LEVEL
6469627,6469218.0,519877,TILING,TILE,300,0000FF,11.0,PRIORITY 2 ARCHITECTURAL SCOPE,TILING,,,,Z-LEVEL
6469628,6469218.0,519877,FOAM INSULATION,FI,200,0000FF,,PRIORITY 2 ARCHITECTURAL SCOPE,FOAM INSULATION,,,,Z-LEVEL
6469629,6469218.0,519877,MILLWORK,MW,100,0000FF,18.0,PRIORITY 2 ARCHITECTURAL SCOPE,MILLWORK,,,,Z-LEVEL
6469630,6469218.0,519877,ROUGH CARPENTRY,RC,0,0000FF,,PRIORITY 2 ARCHITECTURAL SCOPE,ROUGH CARPENTRY,,,,Z-LEVEL
6469631,6469218.0,519877,STEEL COATING & PAINT DELAYS,(New),900,0000FF,1.0,PRIORITY 2 ARCHITECTURAL SCOPE,STEEL COATING & PAINT DELAYS,,,,Z-LEVEL
6469632,6469219.0,519877,DOORS & HARDWARE EXTERIOR,DR/HW-1,300,0000FF,17.0,PRIORITY 1 ARCHITECTURAL SCOPE,DOORS & HARDWARE EXTERIOR,,,,Z-LEVEL
6469633,6469219.0,519877,CHEMICAL RESISTANT COATINGS,CRC,800,0000FF,15.0,PRIORITY 1 ARCHITECTURAL SCOPE,CHEMICAL RESISTANT COATINGS,,,,Z-LEVEL
6469634,6469219.0,519877,FIREPROOFING,FP,700,0000FF,21.0,PRIORITY 1 ARCHITECTURAL SCOPE,FIREPROOFING,,,,Z-LEVEL
6469635,6469219.0,519877,EXPANSION CONTROL,EXP,600,0000FF,16.0,PRIORITY 1 ARCHITECTURAL SCOPE,EXPANSION CONTROL,,,,Z-LEVEL
6469636,6469219.0,519877,INSULATION,INS,500,0000FF,3.0,PRIORITY 1 ARCHITECTURAL SCOPE,INSULATION,,,,Z-LEVEL
6469637,6469219.0,519877,COLD FORMED METAL FRAMING,CFMF,400,0000FF,,PRIORITY 1 ARCHITECTURAL SCOPE,COLD FORMED METAL FRAMING,,,,Z-LEVEL
6469638,6469219.0,519877,FRAMING/ DRYWALL GYPSUM,GYP,301,0000FF,23.0,PRIORITY 1 ARCHITECTURAL SCOPE,FRAMING/ DRYWALL GYPSUM,,,,Z-LEVEL
6469639,6469219.0,519877,DOORS & HARDWARE INTERIOR,DR/HW,200,0000FF,113.0,PRIORITY 1 ARCHITECTURAL SCOPE,DOORS & HARDWARE INTERIOR,,,,Z-LEVEL
6469640,6469219.0,519877,MISC. STEEL,MISC ST,100,0000FF,15.0,PRIORITY 1 ARCHITECTURAL SCOPE,MISC. STEEL,,,,Z-LEVEL
6469641,6469219.0,519877,GL 33 STAIRS 5 & 18,STAIR,0,0000FF,36.0,PRIORITY 1 ARCHITECTURAL SCOPE,GL 33 STAIRS 5 & 18,,,,Z-LEVEL
6469642,6469245.0,519877,GAS PURIFIER RM,GAS,0,0000FF,,ROOMS,GAS PURIFIER RM,,,,Z-LEVEL
6469643,6469245.0,519877,(New Code Value),(New),100,0000FF,,ROOMS,(New Code Value),,,,Z-LEVEL
6469644,6469255.0,519877,INTERIOR STAIR TOWER - STAIR #21 (CLEAN ROOM),21,200,0000FF,55.0,PRIORITY 1 - STAIR TOWERS,INTERIOR STAIR TOWER - STAIR #21 (CLEAN ROOM),,,,Z-LEVEL
6469645,6469255.0,519877,INTERIOR STAIR TOWER - STAIR #20,20,300,0000FF,48.0,PRIORITY 1 - STAIR TOWERS,INTERIOR STAIR TOWER - STAIR #20,,,,Z-LEVEL
6469646,6469255.0,519877,INTERIOR STAIR TOWER - STAIR #2 (CLEAN ROOM),2,2,0000FF,41.0,PRIORITY 1 - STAIR TOWERS,INTERIOR STAIR TOWER - STAIR #2 (CLEAN ROOM),,,,Z-LEVEL
6469647,6469255.0,519877,INTERIOR STAIR TOWER - STAIR #3,3,600,0000FF,43.0,PRIORITY 1 - STAIR TOWERS,INTERIOR STAIR TOWER - STAIR #3,,,,Z-LEVEL
6469648,6469255.0,519877,INTERIOR STAIR TOWER - STAIR #4 (CLEAN ROOM),4,0,0000FF,44.0,PRIORITY 1 - STAIR TOWERS,INTERIOR STAIR TOWER - STAIR #4 (CLEAN ROOM),,,,Z-LEVEL
6469649,6469255.0,519877,INTERIOR STAIR TOWERS - PROCUREMENT,PROC,1,0000FF,9.0,PRIORITY 1 - STAIR TOWERS,INTERIOR STAIR TOWERS - PROCUREMENT,,,,Z-LEVEL
6469650,6469255.0,519877,GL 33 STAIR 5 (WEST),ST- 5,700,0000FF,56.0,PRIORITY 1 - STAIR TOWERS,GL 33 STAIR 5 (WEST),,,,Z-LEVEL
6469651,6469255.0,519877,GL 33 STAIR 18 (EAST),ST- 18,800,0000FF,40.0,PRIORITY 1 - STAIR TOWERS,GL 33 STAIR 18 (EAST),,,,Z-LEVEL
6469652,6469257.0,519877,INTERIOR STAIR TOWER - STAIR #22 - DE-SCOPED,22,101,0000FF,32.0,PRIORITY 2 - STAIR TOWERS - DESCOPED,INTERIOR STAIR TOWER - STAIR #22 - DE-SCOPED,,,,Z-LEVEL
6469653,6469257.0,519877,INTERIOR STAIR TOWER - STAIR #19 (CLEAN ROOM) - DE-SCOPED,19,0,0000FF,35.0,PRIORITY 2 - STAIR TOWERS - DESCOPED,INTERIOR STAIR TOWER - STAIR #19 (CLEAN ROOM) - DE-SCOPED,,,,Z-LEVEL
6469654,6469257.0,519877,INTERIOR STAIR TOWER - STAIR #1 - DE-SCOPED,1,1,0000FF,24.0,PRIORITY 2 - STAIR TOWERS - DESCOPED,INTERIOR STAIR TOWER - STAIR #1 - DE-SCOPED,,,,Z-LEVEL
6469655,6469257.0,519877,INTERIOR STAIR TOWER - STAIR #50 - DE-SCOPED,50,301,0000FF,19.0,PRIORITY 2 - STAIR TOWERS - DESCOPED,INTERIOR STAIR TOWER - STAIR #50 - DE-SCOPED,,,,Z-LEVEL
6469656,6469260.0,519878,WAFFLE COATINGS,WFL,0,0000FF,,COATINGS,WAFFLE COATINGS,,,,Z-AREA
6469657,6469261.0,519878,ARCHITECTURE,ARCH,100,0000FF,,BIM / VDC,ARCHITECTURE,,,,Z-AREA
6469658,6469261.0,519878,STRUCTURE,STRUCTURE,0,0000FF,,BIM / VDC,STRUCTURE,,,,Z-AREA
6469659,6469262.0,519878,FIZ4 / SUES 5  (GL6-1) GL E-A,FIZ4,201,0000FF,,Data Center Bldg (Gridlines 1-3),FIZ4 / SUES 5  (GL6-1) GL E-A,,,,Z-AREA
6469660,6469262.0,519878,Area FIZ2,FIZ2,101,0000FF,,Data Center Bldg (Gridlines 1-3),Area FIZ2,,,,Z-AREA
6469661,6469266.0,519878,B5 - Area 12 (Gridlines 30-33),B5,301,0000FF,45.0,Fab Building,B5 - Area 12 (Gridlines 30-33),,,,Z-AREA
6469662,6469266.0,519878,B4 - Area 11 (Gridlines 27-30),B4,201,0000FF,55.0,Fab Building,B4 - Area 11 (Gridlines 27-30),,,,Z-AREA
6469663,6469266.0,519878,Interior Building Infill,MAIN INT,1401,0000FF,,Fab Building,Interior Building Infill,,,,Z-AREA
6469664,6469266.0,519878,Roof Level & Exterior Skin,ROOF,1501,0000FF,,Fab Building,Roof Level & Exterior Skin,,,,Z-AREA
6469665,6469266.0,519878,A3 - Area 4 (Gridlines 12-9),A3,6,0000FF,46.0,Fab Building,A3 - Area 4 (Gridlines 12-9),,,,Z-AREA
6469666,6469266.0,519878,A2 - Area 5 (Gridlines 15-12),A2,7,0000FF,51.0,Fab Building,A2 - Area 5 (Gridlines 15-12),,,,Z-AREA
6469667,6469266.0,519878,A1 - Area 6 (Gridlines 18-15),A1,102,0000FF,69.0,Fab Building,A1 - Area 6 (Gridlines 18-15),,,,Z-AREA
6469668,6469266.0,519878,A4 - Area 3 (Gridlines 9-6),A4,5,0000FF,50.0,Fab Building,A4 - Area 3 (Gridlines 9-6),,,,Z-AREA
6469669,6469266.0,519878,B1 - Area 8 (Gridlines 18-21),B1,104,0000FF,64.0,Fab Building,B1 - Area 8 (Gridlines 18-21),,,,Z-AREA
6469670,6469266.0,519878,B2 - Area 9 (Gridlines 21-24),B2,105,0000FF,52.0,Fab Building,B2 - Area 9 (Gridlines 21-24),,,,Z-AREA
6469671,6469266.0,519878,B3 - Area 10 (Gridlines 24-27),B3,106,0000FF,57.0,Fab Building,B3 - Area 10 (Gridlines 24-27),,,,Z-AREA
6469672,6469266.0,519878,A5 - Area 2 (Gridlines 6-3),A5,3,0000FF,69.0,Fab Building,A5 - Area 2 (Gridlines 6-3),,,,Z-AREA
6469673,6469267.0,519878,FIZ1 (West Inner) GL J-G - DATA CENTER 2,FIZ1,1001,0000FF,88.0,Support Building - West,FIZ1 (West Inner) GL J-G - DATA CENTER 2,,,,Z-AREA
6469674,6469267.0,519878,SUWS-1 - 18-15,SUWS-1,1401,0000FF,329.0,Support Building - West,SUWS-1 - 18-15,,,,Z-AREA
6469675,6469267.0,519878,SUWS-2 - 15-12,SUWS-2,1301,0000FF,207.0,Support Building - West,SUWS-2 - 15-12,,,,Z-AREA
6469676,6469267.0,519878,SUWS-3 - 12-9,SUWS3,1201,0000FF,288.0,Support Building - West,SUWS-3 - 12-9,,,,Z-AREA
6469677,6469267.0,519878,SUWS-4 - 9-6,SUWS4,1101,0000FF,177.0,Support Building - West,SUWS-4 - 9-6,,,,Z-AREA
6469678,6469267.0,519878,FIZ 2 / SUWS 5  (GL6-1) - GL J - N - DATA CENTER 1,SUWS5,901,0000FF,423.0,Support Building - West,FIZ 2 / SUWS 5  (GL6-1) - GL J - N - DATA CENTER 1,,,,Z-AREA
6469679,6469267.0,519878,SUWN-5 - 30-33,SUWN5,1901,0000FF,335.0,Support Building - West,SUWN-5 - 30-33,,,,Z-AREA
6469680,6469267.0,519878,SUWN-4 - 27-30,SUWN4,1801,0000FF,210.0,Support Building - West,SUWN-4 - 27-30,,,,Z-AREA
6469681,6469267.0,519878,SUWN-3 - 24-27,SUWN3,1701,0000FF,215.0,Support Building - West,SUWN-3 - 24-27,,,,Z-AREA
6469682,6469267.0,519878,SUWN-2 - 21-24,SUWN2,1601,0000FF,243.0,Support Building - West,SUWN-2 - 21-24,,,,Z-AREA
6469683,6469267.0,519878,SUWN-1 - 18-21,SUWN1,1501,0000FF,284.0,Support Building - West,SUWN-1 - 18-21,,,,Z-AREA
6469684,6469267.0,519878,NORTH WEST PENTHOUSE,NW,2001,0000FF,68.0,Support Building - West,NORTH WEST PENTHOUSE,,,,Z-AREA
6469685,6469268.0,519878,FIZ3 (East Inner) GL G-E,FIZ3,1002,0000FF,79.0,Support Building - East,FIZ3 (East Inner) GL G-E,,,,Z-AREA
6469686,6469268.0,519878,SUES-1 - 19-16,SUES1,501,0000FF,365.0,Support Building - East,SUES-1 - 19-16,,,,Z-AREA
6469687,6469268.0,519878,SUES-2 - 16-13,SUES2,401,0000FF,180.0,Support Building - East,SUES-2 - 16-13,,,,Z-AREA
6469688,6469268.0,519878,SUES-3 - 13-9,SUES3,301,0000FF,262.0,Support Building - East,SUES-3 - 13-9,,,,Z-AREA
6469689,6469268.0,519878,SUES-4 - 9-6,SUES4,201,0000FF,179.0,Support Building - East,SUES-4 - 9-6,,,,Z-AREA
6469690,6469268.0,519878,SUES-5 - 6-1 - FIZ - GL A -E,SUES5,110,0000FF,343.0,Support Building - East,SUES-5 - 6-1 - FIZ - GL A -E,,,,Z-AREA
6469691,6469268.0,519878,SUEN-1 - 19-22,SUEN1,601,0000FF,279.0,Support Building - East,SUEN-1 - 19-22,,,,Z-AREA
6469692,6469268.0,519878,SUEN-2 - 22-25,SUEN2,701,0000FF,176.0,Support Building - East,SUEN-2 - 22-25,,,,Z-AREA
6469693,6469268.0,519878,SUEN-3 - 25-28,SUEN3,801,0000FF,264.0,Support Building - East,SUEN-3 - 25-28,,,,Z-AREA
6469694,6469268.0,519878,SUEN-4 - 28-31,SUEN4,901,0000FF,249.0,Support Building - East,SUEN-4 - 28-31,,,,Z-AREA
6469695,6469268.0,519878,SUEN-5 - 31-33,SUEN5,1001,0000FF,231.0,Support Building - East,SUEN-5 - 31-33,,,,Z-AREA
6469696,6469268.0,519878,NORTH EAST PENTHOUSE,NE,1201,0000FF,50.0,Support Building - East,NORTH EAST PENTHOUSE,,,,Z-AREA
6469697,6469268.0,519878,SOUTH EAST PENTHOUSE,SE,1101,0000FF,70.0,Support Building - East,SOUTH EAST PENTHOUSE,,,,Z-AREA
6469698,6469269.0,519878,Submittal,Submittal,700,0000FF,,PRE-CONSTRUCTION,Submittal,,,,Z-AREA
6469699,6469269.0,519878,CONCRETE SLABS,FRP,100,0000FF,46.0,PRE-CONSTRUCTION,CONCRETE SLABS,,,,Z-AREA
6469700,6469269.0,519878,Interior & Architectural Finishes,Interiors,500,0000FF,,PRE-CONSTRUCTION,Interior & Architectural Finishes,,,,Z-AREA
6469701,6469269.0,519878,ENCLOSURE,Enclosure,400,0000FF,71.0,PRE-CONSTRUCTION,ENCLOSURE,,,,Z-AREA
6469702,6469269.0,519878,PRECAST,Precast,200,0000FF,27.0,PRE-CONSTRUCTION,PRECAST,,,,Z-AREA
6469703,6469269.0,519878,STEEL,Steel,300,0000FF,85.0,PRE-CONSTRUCTION,STEEL,,,,Z-AREA
6469704,6469269.0,519878,Drawing Sets (from SECAI),Drawings,600,0000FF,,PRE-CONSTRUCTION,Drawing Sets (from SECAI),,,,Z-AREA
6469705,6469269.0,519878,RFI,RFI,800,0000FF,,PRE-CONSTRUCTION,RFI,,,,Z-AREA
6469706,6469269.0,519878,ELEVATORS,Elevators,301,0000FF,60.0,PRE-CONSTRUCTION,ELEVATORS,,,,Z-AREA
6469707,6469275.0,519878,SUE - 61 - GL 1-8 & A -E,SUES5-1,401,0000FF,12.0,SUE DOORS & HARDWARE,SUE - 61 - GL 1-8 & A -E,,,,Z-AREA
6469708,6469275.0,519878,SUE - 62 - GL 8-15 & A -E,SUES5-2,301,0000FF,11.0,SUE DOORS & HARDWARE,SUE - 62 - GL 8-15 & A -E,,,,Z-AREA
6469709,6469275.0,519878,SUE - 63 - GL 15-21 & A -E,SUES5-3,201,0000FF,9.0,SUE DOORS & HARDWARE,SUE - 63 - GL 15-21 & A -E,,,,Z-AREA
6469710,6469275.0,519878,SUE - 64 - GL 22-27 & A -E,(New),101,0000FF,9.0,SUE DOORS & HARDWARE,SUE - 64 - GL 22-27 & A -E,,,,Z-AREA
6469711,6469275.0,519878,SUE - 65 - GL 27-31 & A -E,(New)-1,1,0000FF,13.0,SUE DOORS & HARDWARE,SUE - 65 - GL 27-31 & A -E,,,,Z-AREA
6469712,6469275.0,519878,SUE - 65 - GL 31-33 & A -E,(New)-2,0,0000FF,3.0,SUE DOORS & HARDWARE,SUE - 65 - GL 31-33 & A -E,,,,Z-AREA
6469713,6469275.0,519878,SUE - Priority A,(New)-3,501,0000FF,,SUE DOORS & HARDWARE,SUE - Priority A,,,,Z-AREA
6469714,6469275.0,519878,SUE - Priority B,(New)-4,601,0000FF,,SUE DOORS & HARDWARE,SUE - Priority B,,,,Z-AREA
6469715,6469275.0,519878,SUE - Priority C,(New)-5,701,0000FF,,SUE DOORS & HARDWARE,SUE - Priority C,,,,Z-AREA
6469716,6469276.0,519878,SUW - 01 - GL 1-5 & J-N,(New)-2,1,0000FF,9.0,SUW - DOORS & HARDWARE,SUW - 01 - GL 1-5 & J-N,,,,Z-AREA
6469717,6469276.0,519878,SUW - 02 - GL 5-11 & J-N,(New)-1,101,0000FF,9.0,SUW - DOORS & HARDWARE,SUW - 02 - GL 5-11 & J-N,,,,Z-AREA
6469718,6469276.0,519878,SUW - 03 - GL 11-20 & J-N,(New),201,0000FF,12.0,SUW - DOORS & HARDWARE,SUW - 03 - GL 11-20 & J-N,,,,Z-AREA
6469719,6469276.0,519878,SUW - 04 - GL 21-23 & J-N,SUES5-3,301,0000FF,10.0,SUW - DOORS & HARDWARE,SUW - 04 - GL 21-23 & J-N,,,,Z-AREA
6469720,6469276.0,519878,SUW - 05 - GL 23-30 & J-N,SUES5-2,401,0000FF,11.0,SUW - DOORS & HARDWARE,SUW - 05 - GL 23-30 & J-N,,,,Z-AREA
6469721,6469276.0,519878,SUW - 06 - GL 30-33 & J-N,SUES5-1,501,0000FF,,SUW - DOORS & HARDWARE,SUW - 06 - GL 30-33 & J-N,,,,Z-AREA
6469722,6469276.0,519878,SUW - Priority A,(New)-3,601,0000FF,,SUW - DOORS & HARDWARE,SUW - Priority A,,,,Z-AREA
6469723,6469276.0,519878,SUW - Priority B,(New)-4,701,0000FF,,SUW - DOORS & HARDWARE,SUW - Priority B,,,,Z-AREA
6469724,6469276.0,519878,SUW - Priority C,(New)-5,801,0000FF,,SUW - DOORS & HARDWARE,SUW - Priority C,,,,Z-AREA
6469725,6469281.0,519879,South Areas (Team A - Gridlines 3-17),A,0,0000FF,266.0,Fab Building,South Areas (Team A - Gridlines 3-17),,,,Z-BLDG
6469726,6469281.0,519879,North Areas (Team B -Gridlines 17-33),B,100,0000FF,227.0,Fab Building,North Areas (Team B -Gridlines 17-33),,,,Z-BLDG
6469727,6469282.0,519879,East Support Building,SUP-E,0,0000FF,1407.0,Support Building Overall,East Support Building,,,,Z-BLDG
6469728,6469282.0,519879,West Support Building,SUP-W,1,0000FF,2325.0,Support Building Overall,West Support Building,,,,Z-BLDG
6469729,6469402.0,519886,STAIR 5 (WEST) - K-L,5,0,0000FF,67.0,STAIRWAYS,STAIR 5 (WEST) - K-L,,,,Z-ROOM
6469730,6469402.0,519886,STAIR 18 (EAST) - C-D,18,100,0000FF,56.0,STAIRWAYS,STAIR 18 (EAST) - C-D,,,,Z-ROOM
6469731,6469403.0,519886,GL33 EXTERIOR AREA (SUE) - A-C,AC,0,0000FF,37.0,GL33 EXTERIOR AREAS,GL33 EXTERIOR AREA (SUE) - A-C,,,,Z-ROOM
6469732,6469403.0,519886,GL33 EXTERIOR AREA (SUW) - L-N,LN,300,0000FF,33.0,GL33 EXTERIOR AREAS,GL33 EXTERIOR AREA (SUW) - L-N,,,,Z-ROOM
6469733,6469403.0,519886,GL33 EXTERIOR AREA (FAB EAST) - D-G,DG,100,0000FF,45.0,GL33 EXTERIOR AREAS,GL33 EXTERIOR AREA (FAB EAST) - D-G,,,,Z-ROOM
6469734,6469403.0,519886,GL33 EXTERIOR AREA (FAB WEST) - G-K,GK,200,0000FF,44.0,GL33 EXTERIOR AREAS,GL33 EXTERIOR AREA (FAB WEST) - G-K,,,,Z-ROOM
6469735,6469404.0,519886,SUPERDECK LEAVEOUT AREA (L1-L3) - E-E.2,E,0,0000FF,,MEP EQUIPMENT LEAVEOUT AREAS,SUPERDECK LEAVEOUT AREA (L1-L3) - E-E.2,,,,Z-ROOM
6469736,6469404.0,519886,LOADING DOCK LEAVEOUT AREA (L1-L2) - F.8-G.2,G,100,0000FF,,MEP EQUIPMENT LEAVEOUT AREAS,LOADING DOCK LEAVEOUT AREA (L1-L2) - F.8-G.2,,,,Z-ROOM
6469737,6469404.0,519886,SUPERDECK/LOADING DOCK LEAVEOUT AREA (L1-L4) - H.2-J,J,200,0000FF,,MEP EQUIPMENT LEAVEOUT AREAS,SUPERDECK/LOADING DOCK LEAVEOUT AREA (L1-L4) - H.2-J,,,,Z-ROOM
6469738,6469451.0,519887,SOUTH WALL - GL 3 - A-D,SEPH.S,1,0000FF,3.0,SE PENTHOUSE,SOUTH WALL - GL 3 - A-D,,,,Z-REPORTING
6469739,6469451.0,519887,EAST WALL - GL 3-5 - A LINE,SEPH.E,101,0000FF,,SE PENTHOUSE,EAST WALL - GL 3-5 - A LINE,,,,Z-REPORTING
6469740,6469451.0,519887,NORTH WALL - GL 5 - A-C,SEPH.N,201,0000FF,9.0,SE PENTHOUSE,NORTH WALL - GL 5 - A-C,,,,Z-REPORTING
6469741,6469451.0,519887,RFI & SHOP DRAWINGS,ADMN,0,0000FF,4.0,SE PENTHOUSE,RFI & SHOP DRAWINGS,,,,Z-REPORTING
6469742,6469451.0,519887,PENTHOUSE INTERIOR,INT,301,0000FF,14.0,SE PENTHOUSE,PENTHOUSE INTERIOR,,,,Z-REPORTING
6469743,6469545.0,519907,SUE - GL 1-6,E.1-6,0,0000FF,4.0,SUE GRATING PENETRATIONS - L2-L4,SUE - GL 1-6,,,,Z-PERRYPERRY
6469744,6469545.0,519907,SUE - GL 6-12,E.6-12,1,0000FF,4.0,SUE GRATING PENETRATIONS - L2-L4,SUE - GL 6-12,,,,Z-PERRYPERRY
6469745,6469545.0,519907,SUE - GL 12-17,E.12-17,101,0000FF,5.0,SUE GRATING PENETRATIONS - L2-L4,SUE - GL 12-17,,,,Z-PERRYPERRY
6469746,6469545.0,519907,SUE - GL 17-19,E.17-19,201,0000FF,4.0,SUE GRATING PENETRATIONS - L2-L4,SUE - GL 17-19,,,,Z-PERRYPERRY
6469747,6469545.0,519907,SUE - GL 19-26,E.19-26,301,0000FF,6.0,SUE GRATING PENETRATIONS - L2-L4,SUE - GL 19-26,,,,Z-PERRYPERRY
6469748,6469545.0,519907,SUE - GL 26-33,E.26-33,401,0000FF,4.0,SUE GRATING PENETRATIONS - L2-L4,SUE - GL 26-33,,,,Z-PERRYPERRY
6469749,6469546.0,519907,SUW - GL 1-6,W.1-6,0,0000FF,4.0,SUW GRATING PENETRATIONS - L2-L4,SUW - GL 1-6,,,,Z-PERRYPERRY
6469750,6469546.0,519907,SUW - GL 6-11,W.6-11,1,0000FF,5.0,SUW GRATING PENETRATIONS - L2-L4,SUW - GL 6-11,,,,Z-PERRYPERRY
6469751,6469546.0,519907,SUW - GL 11-18,W.11-18,101,0000FF,5.0,SUW GRATING PENETRATIONS - L2-L4,SUW - GL 11-18,,,,Z-PERRYPERRY
6469752,6469546.0,519907,SUW - GL 29-33,W.29-33,401,0000FF,4.0,SUW GRATING PENETRATIONS - L2-L4,SUW - GL 29-33,,,,Z-PERRYPERRY
6469753,6469546.0,519907,SUW - GL 18-24,W.18-24,201,0000FF,4.0,SUW GRATING PENETRATIONS - L2-L4,SUW - GL 18-24,,,,Z-PERRYPERRY
6469754,6469546.0,519907,SUW - GL 24-29,W.24-29,301,0000FF,4.0,SUW GRATING PENETRATIONS - L2-L4,SUW - GL 24-29,,,,Z-PERRYPERRY
6469755,6469548.0,519908,SUW - ELEVATOR 3 (FREIGHT),3,0,0000FF,31.0,PRIORITY #1 ELEVATORS,SUW - ELEVATOR 3 (FREIGHT),,,,Z-ELEVATOR REPORT
6469756,6469548.0,519908,SUW - ELEVATOR 5 (FREIGHT),5,201,0000FF,40.0,PRIORITY #1 ELEVATORS,SUW - ELEVATOR 5 (FREIGHT),,,,Z-ELEVATOR REPORT
6469757,6469548.0,519908,SUE - ELEVATOR 18 (FREIGHT),18,301,0000FF,35.0,PRIORITY #1 ELEVATORS,SUE - ELEVATOR 18 (FREIGHT),,,,Z-ELEVATOR REPORT
6469758,6469548.0,519908,SUE - ELEVATOR 20 (FREIGHT),20,1,0000FF,34.0,PRIORITY #1 ELEVATORS,SUE - ELEVATOR 20 (FREIGHT),,,,Z-ELEVATOR REPORT
6469759,6469548.0,519908,SUE - ELEVATOR 22 (FREIGHT),22,101,0000FF,38.0,PRIORITY #1 ELEVATORS,SUE - ELEVATOR 22 (FREIGHT),,,,Z-ELEVATOR REPORT
6469760,6469549.0,519908,SUW - ELEVATOR 01A (PHOSPHORIDE),01A,1,0000FF,21.0,PRIORITY #2 ELEVATORS,SUW - ELEVATOR 01A (PHOSPHORIDE),,,,Z-ELEVATOR REPORT
6469761,6469549.0,519908,SUW - ELEVATOR 01 (FREIGHT),01,0,0000FF,29.0,PRIORITY #2 ELEVATORS,SUW - ELEVATOR 01 (FREIGHT),,,,Z-ELEVATOR REPORT
6469762,6469549.0,519908,SUW - ELEVATOR 01B (PASSENGER),01B,101,0000FF,33.0,PRIORITY #2 ELEVATORS,SUW - ELEVATOR 01B (PASSENGER),,,,Z-ELEVATOR REPORT
6469763,6469549.0,519908,SUW - ELEVATOR 2 (CLEAN PASSENGER),2,201,0000FF,30.0,PRIORITY #2 ELEVATORS,SUW - ELEVATOR 2 (CLEAN PASSENGER),,,,Z-ELEVATOR REPORT
6469764,6469549.0,519908,SUE - ELEVATOR 19 (CLEAN PHOSPHORIDE),19,301,0000FF,26.0,PRIORITY #2 ELEVATORS,SUE - ELEVATOR 19 (CLEAN PHOSPHORIDE),,,,Z-ELEVATOR REPORT
6469765,6469550.0,519909,L6 PARAPETS,P,0,0000FF,33.0,SUPPORT - WEST,L6 PARAPETS,,,,Z-DS WP L6
6469766,6469550.0,519909,L6 WATERPROOFING & ROOFING,RF,1,0000FF,15.0,SUPPORT - WEST,L6 WATERPROOFING & ROOFING,,,,Z-DS WP L6
6469767,6469551.0,519909,L6 PARAPETS,P,0,0000FF,31.0,SUPPORT - EAST,L6 PARAPETS,,,,Z-DS WP L6
6469768,6469551.0,519909,L6 WATERPROOFING & ROOFING,RF,1,0000FF,13.0,SUPPORT - EAST,L6 WATERPROOFING & ROOFING,,,,Z-DS WP L6
6469769,6469588.0,519920,3rd lvl FAB,(New)-1,900,0000FF,,Drywall Area,3rd lvl FAB,,,,Z-DryWall Area
6469770,6469621.0,519876,Precast Fabrication,03 PC FAB,700,0000FF,79.0,Precast,Precast Erector - SnS Erectors,Precast Fabrication,,,Z-TRADE
6469771,6469621.0,519876,FAB Subfab and Parapets,Elevated slabs-1,600,0000FF,38.0,Precast,Precast Erector - SnS Erectors,FAB Subfab and Parapets,,,Z-TRADE
6469772,6469621.0,519876,FAB Waffle Slabs,Elevated slabs,500,0000FF,45.0,Precast,Precast Erector - SnS Erectors,FAB Waffle Slabs,,,Z-TRADE
6469773,6469621.0,519876,"Main Columns C,E,G,J,L & Intermediate H,F",Main,0,0000FF,22.0,Precast,Precast Erector - SnS Erectors,"Main Columns C,E,G,J,L & Intermediate H,F",,,Z-TRADE
6469774,6469621.0,519876,Inner Columns C&L,Inner,3,0000FF,,Precast,Precast Erector - SnS Erectors,Inner Columns C&L,,,Z-TRADE
6469775,6469621.0,519876,Intermediate F&H,Intermediate,4,0000FF,,Precast,Precast Erector - SnS Erectors,Intermediate F&H,,,Z-TRADE
6469776,6469621.0,519876,SUE Columns,SUE,100,0000FF,,Precast,Precast Erector - SnS Erectors,SUE Columns,,,Z-TRADE
6469777,6469621.0,519876,SUW Columns,SUW,200,0000FF,,Precast,Precast Erector - SnS Erectors,SUW Columns,,,Z-TRADE
6469778,6469621.0,519876,"SUP EAST A,B",SUE (A&B),1,0000FF,20.0,Precast,Precast Erector - SnS Erectors,"SUP EAST A,B",,,Z-TRADE
6469779,6469621.0,519876,"SUP WEST N,M",SUW(N&M),2,0000FF,27.0,Precast,Precast Erector - SnS Erectors,"SUP WEST N,M",,,Z-TRADE
6469780,6469621.0,519876,FIZ WEST COLUMNS,FIZWEST,300,0000FF,,Precast,Precast Erector - SnS Erectors,FIZ WEST COLUMNS,,,Z-TRADE
6469781,6469621.0,519876,FIZ EAST COLUMNS,FIZEAST,400,0000FF,,Precast,Precast Erector - SnS Erectors,FIZ EAST COLUMNS,,,Z-TRADE
6469782,6469632.0,519877,DOORS & HARDWARE OVERHEAD,DR/HW,0,0000FF,23.0,PRIORITY 1 ARCHITECTURAL SCOPE,DOORS & HARDWARE EXTERIOR,DOORS & HARDWARE OVERHEAD,,,Z-LEVEL
6469783,6469657.0,519878,SUWN 3 - 5,SUWN 3/5,15,0000FF,,BIM / VDC,ARCHITECTURE,SUWN 3 - 5,,,Z-AREA
6469784,6469657.0,519878,SUWN 1 - 2,SUWN 1/2,14,0000FF,,BIM / VDC,ARCHITECTURE,SUWN 1 - 2,,,Z-AREA
6469785,6469657.0,519878,SUWS 3 - 5,SUWS 3/5,13,0000FF,,BIM / VDC,ARCHITECTURE,SUWS 3 - 5,,,Z-AREA
6469786,6469657.0,519878,SUWS 1 - 2,SUWS 1/2,12,0000FF,,BIM / VDC,ARCHITECTURE,SUWS 1 - 2,,,Z-AREA
6469787,6469657.0,519878,SUEN 3 - 5,SUEN 3/5,11,0000FF,,BIM / VDC,ARCHITECTURE,SUEN 3 - 5,,,Z-AREA
6469788,6469657.0,519878,SUEN 1 - 2,SUEN 1/2,10,0000FF,,BIM / VDC,ARCHITECTURE,SUEN 1 - 2,,,Z-AREA
6469789,6469657.0,519878,SUES 3 - 5,SUES 3/5,9,0000FF,,BIM / VDC,ARCHITECTURE,SUES 3 - 5,,,Z-AREA
6469790,6469657.0,519878,SUES 1 - 2,SUES 1/2,8,0000FF,,BIM / VDC,ARCHITECTURE,SUES 1 - 2,,,Z-AREA
6469791,6469657.0,519878,Fab B3 - B5,FAB B3 / 5,7,0000FF,,BIM / VDC,ARCHITECTURE,Fab B3 - B5,,,Z-AREA
6469792,6469657.0,519878,Fab B1 - B2,FAB B1 / 2,6,0000FF,,BIM / VDC,ARCHITECTURE,Fab B1 - B2,,,Z-AREA
6469793,6469657.0,519878,Fab A3 - A5,FAB A 3/5,5,0000FF,,BIM / VDC,ARCHITECTURE,Fab A3 - A5,,,Z-AREA
6469794,6469657.0,519878,Fab A1 - A2,FAB A1/2,4,0000FF,,BIM / VDC,ARCHITECTURE,Fab A1 - A2,,,Z-AREA
6469795,6469657.0,519878,FIZ 4,F4,3,0000FF,,BIM / VDC,ARCHITECTURE,FIZ 4,,,Z-AREA
6469796,6469657.0,519878,FIZ 3,F3,2,0000FF,,BIM / VDC,ARCHITECTURE,FIZ 3,,,Z-AREA
6469797,6469657.0,519878,FIZ 1,F1,0,0000FF,,BIM / VDC,ARCHITECTURE,FIZ 1,,,Z-AREA
6469798,6469657.0,519878,FIZ 2,F2,1,0000FF,,BIM / VDC,ARCHITECTURE,FIZ 2,,,Z-AREA
6469799,6469658.0,519878,SUWN 3 - 5,SUWN 3/5,1401,0000FF,,BIM / VDC,STRUCTURE,SUWN 3 - 5,,,Z-AREA
6469800,6469658.0,519878,SUWN 1 - 2,SUWN 1/2,1301,0000FF,,BIM / VDC,STRUCTURE,SUWN 1 - 2,,,Z-AREA
6469801,6469658.0,519878,SUWS 3 - 5,SUWS 3/5,1201,0000FF,,BIM / VDC,STRUCTURE,SUWS 3 - 5,,,Z-AREA
6469802,6469658.0,519878,SUWS 1 - 2,SUWS 1/2,1101,0000FF,,BIM / VDC,STRUCTURE,SUWS 1 - 2,,,Z-AREA
6469803,6469658.0,519878,SUEN 3 - 5,SUEN 3/5,1001,0000FF,,BIM / VDC,STRUCTURE,SUEN 3 - 5,,,Z-AREA
6469804,6469658.0,519878,SUEN 1 - 2,SUEN 1/2,901,0000FF,,BIM / VDC,STRUCTURE,SUEN 1 - 2,,,Z-AREA
6469805,6469658.0,519878,SUES 3 - 5,SUES 3/5,801,0000FF,,BIM / VDC,STRUCTURE,SUES 3 - 5,,,Z-AREA
6469806,6469658.0,519878,SUES 1 - 2,SUES 1/2,701,0000FF,,BIM / VDC,STRUCTURE,SUES 1 - 2,,,Z-AREA
6469807,6469658.0,519878,Fab B3 - B5,FAB B3 / 5,601,0000FF,,BIM / VDC,STRUCTURE,Fab B3 - B5,,,Z-AREA
6469808,6469658.0,519878,Fab B1 - B2,FAB B1 / 2,501,0000FF,,BIM / VDC,STRUCTURE,Fab B1 - B2,,,Z-AREA
6469809,6469658.0,519878,Fab A3 - A5,FAB A 3/5,401,0000FF,,BIM / VDC,STRUCTURE,Fab A3 - A5,,,Z-AREA
6469811,6469658.0,519878,Fab A1 - A2,FAB A1/2,301,0000FF,,BIM / VDC,STRUCTURE,Fab A1 - A2,,,Z-AREA
6469812,6469658.0,519878,FIZ 4,F4,201,0000FF,,BIM / VDC,STRUCTURE,FIZ 4,,,Z-AREA
6469813,6469658.0,519878,FIZ 3,F3,101,0000FF,,BIM / VDC,STRUCTURE,FIZ 3,,,Z-AREA
6469814,6469658.0,519878,FIZ 2,F2,1,0000FF,,BIM / VDC,STRUCTURE,FIZ 2,,,Z-AREA
6469815,6469658.0,519878,FIZ 1,F1,0,0000FF,,BIM / VDC,STRUCTURE,FIZ 1,,,Z-AREA
6469816,6469679.0,519878,SOUTH WEST PENTHOUSE,SW,1,0000FF,40.0,Support Building - West,SUWN-5 - 30-33,SOUTH WEST PENTHOUSE,,,Z-AREA
6469817,6469684.0,519878,NORTH WEST PENTHOUSE INTERIOR,INT,0,0000FF,,Support Building - West,NORTH WEST PENTHOUSE,NORTH WEST PENTHOUSE INTERIOR,,,Z-AREA
6469818,6469684.0,519878,NORTH WEST PENTHOUSE EXTERIOR,EXT,100,0000FF,,Support Building - West,NORTH WEST PENTHOUSE,NORTH WEST PENTHOUSE EXTERIOR,,,Z-AREA
6469819,6469696.0,519878,NORTH EAST PENTHOUSE INTERIOR,INT,0,0000FF,,Support Building - East,NORTH EAST PENTHOUSE,NORTH EAST PENTHOUSE INTERIOR,,,Z-AREA
6469820,6469696.0,519878,NORTH EAST PENTHOUSE EXTERIOR,EXT,100,0000FF,,Support Building - East,NORTH EAST PENTHOUSE,NORTH EAST PENTHOUSE EXTERIOR,,,Z-AREA
6469821,6469697.0,519878,SOUTH EAST PENTHOUSE INTERIOR,INT,0,0000FF,,Support Building - East,SOUTH EAST PENTHOUSE,SOUTH EAST PENTHOUSE INTERIOR,,,Z-AREA
6469822,6469697.0,519878,SOUTH EAST PENTHOUSE EXTERIOR,EXT,1,0000FF,,Support Building - East,SOUTH EAST PENTHOUSE,SOUTH EAST PENTHOUSE EXTERIOR,,,Z-AREA
6469823,6469698.0,519878,Submittal 30 (A2 Foundation Shop Drawings),30,0,0000FF,4.0,PRE-CONSTRUCTION,Submittal,Submittal 30 (A2 Foundation Shop Drawings),,,Z-AREA
6469824,6469698.0,519878,Submittal 25 (A1 Foundation Reinforcment Shop Drawings),25,100,0000FF,3.0,PRE-CONSTRUCTION,Submittal,Submittal 25 (A1 Foundation Reinforcment Shop Drawings),,,Z-AREA
6469825,6469698.0,519878,Submittal 20 (F8 Foundation Reinforcment Shop Drawings),20,1,0000FF,3.0,PRE-CONSTRUCTION,Submittal,Submittal 20 (F8 Foundation Reinforcment Shop Drawings),,,Z-AREA
6469826,6469698.0,519878,Submittal 31 (A3 Foundation Shop Drawings),31,200,0000FF,3.0,PRE-CONSTRUCTION,Submittal,Submittal 31 (A3 Foundation Shop Drawings),,,Z-AREA
6469827,6469698.0,519878,Submittal 32 (F1 Foundation Shop Drawings),32,300,0000FF,2.0,PRE-CONSTRUCTION,Submittal,Submittal 32 (F1 Foundation Shop Drawings),,,Z-AREA
6469828,6469698.0,519878,Submittal 33 (F2 Foundation Shop Drawings),33,400,0000FF,,PRE-CONSTRUCTION,Submittal,Submittal 33 (F2 Foundation Shop Drawings),,,Z-AREA
6469829,6469698.0,519878,Submittal 34 (F3 Foundation Shop Drawings),34,500,0000FF,,PRE-CONSTRUCTION,Submittal,Submittal 34 (F3 Foundation Shop Drawings),,,Z-AREA
6469830,6469698.0,519878,Submittal 35 (C4 Foundation Shop Drawings),35,600,0000FF,,PRE-CONSTRUCTION,Submittal,Submittal 35 (C4 Foundation Shop Drawings),,,Z-AREA
6469831,6469700.0,519878,Priority 1 Interior & Architectural Scope,P1,0,0000FF,,PRE-CONSTRUCTION,Interior & Architectural Finishes,Priority 1 Interior & Architectural Scope,,,Z-AREA
6469832,6469700.0,519878,Priority 2 Interior & Architectural Scope,P2,100,0000FF,,PRE-CONSTRUCTION,Interior & Architectural Finishes,Priority 2 Interior & Architectural Scope,,,Z-AREA
6469833,6469702.0,519878,SUP Bldg FABRICATION,SUP Bldg,0,0000FF,57.0,PRE-CONSTRUCTION,PRECAST,SUP Bldg FABRICATION,,,Z-AREA
6469834,6469704.0,519878,Schedules,(New)-1,400,0000FF,7.0,PRE-CONSTRUCTION,Drawing Sets (from SECAI),Schedules,,,Z-AREA
6469835,6469704.0,519878,F05,(New),300,0000FF,5.0,PRE-CONSTRUCTION,Drawing Sets (from SECAI),F05,,,Z-AREA
6469836,6469704.0,519878,F01B,F01,0,0000FF,3.0,PRE-CONSTRUCTION,Drawing Sets (from SECAI),F01B,,,Z-AREA
6469837,6469704.0,519878,F03B,F03,100,0000FF,5.0,PRE-CONSTRUCTION,Drawing Sets (from SECAI),F03B,,,Z-AREA
6469838,6469704.0,519878,F04,F04,200,0000FF,3.0,PRE-CONSTRUCTION,Drawing Sets (from SECAI),F04,,,Z-AREA
6469839,6469705.0,519878,"RFI 230 Wall Type at Main Stairs #1,2,3,4,19,20,21,22",230,0,0000FF,3.0,PRE-CONSTRUCTION,RFI,"RFI 230 Wall Type at Main Stairs #1,2,3,4,19,20,21,22",,,Z-AREA
6469840,6469769.0,519920,Airlock #1,(New)-7,100,0000FF,3.0,Drywall Area,3rd lvl FAB,Airlock #1,,,Z-DryWall Area
6469841,6469769.0,519920,Airlock #22,(New)-6,301,0000FF,5.0,Drywall Area,3rd lvl FAB,Airlock #22,,,Z-DryWall Area
6469842,6469769.0,519920,Airlock #20,(New)-8,300,0000FF,4.0,Drywall Area,3rd lvl FAB,Airlock #20,,,Z-DryWall Area
6469843,6469769.0,519920,Airlock #5,(New)-2,202,0000FF,4.0,Drywall Area,3rd lvl FAB,Airlock #5,,,Z-DryWall Area
6469844,6469769.0,519920,Airlock #3,(New),200,0000FF,5.0,Drywall Area,3rd lvl FAB,Airlock #3,,,Z-DryWall Area
6469845,6469770.0,519876,Precast Fabricator - Heldenfehls,03 PC Fab-H,0,0000FF,,Precast,Precast Erector - SnS Erectors,Precast Fabrication,Precast Fabricator - Heldenfehls,,Z-TRADE
6469846,6469770.0,519876,Precast Fabricator - Coreslab,03 PC Fab-C,100,0000FF,,Precast,Precast Erector - SnS Erectors,Precast Fabrication,Precast Fabricator - Coreslab,,Z-TRADE
6469847,6469770.0,519876,Precast Fabricator - Tindall,03 PC Fab-T,200,0000FF,,Precast,Precast Erector - SnS Erectors,Precast Fabrication,Precast Fabricator - Tindall,,Z-TRADE
6469848,6469770.0,519876,Precast Fabricator - Gates,03 PC Fab-G,300,0000FF,,Precast,Precast Erector - SnS Erectors,Precast Fabrication,Precast Fabricator - Gates,,Z-TRADE
6469849,6469816.0,519878,SOUTH WEST PENTHOUSE INTERIOR,INT,0,0000FF,,Support Building - West,SUWN-5 - 30-33,SOUTH WEST PENTHOUSE,SOUTH WEST PENTHOUSE INTERIOR,,Z-AREA
6469850,6469816.0,519878,SOUTH WEST PENTHOUSE EXTERIOR,EXT,100,0000FF,,Support Building - West,SUWN-5 - 30-33,SOUTH WEST PENTHOUSE,SOUTH WEST PENTHOUSE EXTERIOR,,Z-AREA
6469851,6469831.0,519878,Doors & Hardware - OVERHEAD,DR&HW-2,301,0000FF,23.0,PRE-CONSTRUCTION,Interior & Architectural Finishes,Priority 1 Interior & Architectural Scope,Doors & Hardware - OVERHEAD,,Z-AREA
6469852,6469831.0,519878,Doors & Hardware - EXTERIOR,DR&HW-1,300,0000FF,17.0,PRE-CONSTRUCTION,Interior & Architectural Finishes,Priority 1 Interior & Architectural Scope,Doors & Hardware - EXTERIOR,,Z-AREA
6469853,6469831.0,519878,Stairs,Stairs,0,0000FF,46.0,PRE-CONSTRUCTION,Interior & Architectural Finishes,Priority 1 Interior & Architectural Scope,Stairs,,Z-AREA
6469854,6469831.0,519878,Misc. Steel,MISC Steel,100,0000FF,15.0,PRE-CONSTRUCTION,Interior & Architectural Finishes,Priority 1 Interior & Architectural Scope,Misc. Steel,,Z-AREA
6469855,6469831.0,519878,Doors & Hardware - INTERIOR,DR&HW,200,0000FF,114.0,PRE-CONSTRUCTION,Interior & Architectural Finishes,Priority 1 Interior & Architectural Scope,Doors & Hardware - INTERIOR,,Z-AREA
6469856,6469831.0,519878,Gypsum,Gypsum,302,0000FF,20.0,PRE-CONSTRUCTION,Interior & Architectural Finishes,Priority 1 Interior & Architectural Scope,Gypsum,,Z-AREA
6469857,6469831.0,519878,Cold Formed Metal Framing,CFMF,400,0000FF,,PRE-CONSTRUCTION,Interior & Architectural Finishes,Priority 1 Interior & Architectural Scope,Cold Formed Metal Framing,,Z-AREA
6469858,6469831.0,519878,Insulation,INS,500,0000FF,3.0,PRE-CONSTRUCTION,Interior & Architectural Finishes,Priority 1 Interior & Architectural Scope,Insulation,,Z-AREA
6469859,6469831.0,519878,Expansion Control,EXP,600,0000FF,16.0,PRE-CONSTRUCTION,Interior & Architectural Finishes,Priority 1 Interior & Architectural Scope,Expansion Control,,Z-AREA
6469860,6469831.0,519878,Fireproofing,FP,700,0000FF,21.0,PRE-CONSTRUCTION,Interior & Architectural Finishes,Priority 1 Interior & Architectural Scope,Fireproofing,,Z-AREA
6469861,6469831.0,519878,CRC,CRC,800,0000FF,15.0,PRE-CONSTRUCTION,Interior & Architectural Finishes,Priority 1 Interior & Architectural Scope,CRC,,Z-AREA
6469862,6469832.0,519878,Rough Carpentry,RC,0,0000FF,,PRE-CONSTRUCTION,Interior & Architectural Finishes,Priority 2 Interior & Architectural Scope,Rough Carpentry,,Z-AREA
6469863,6469832.0,519878,COUNTERTOPS,MW,100,0000FF,18.0,PRE-CONSTRUCTION,Interior & Architectural Finishes,Priority 2 Interior & Architectural Scope,COUNTERTOPS,,Z-AREA
6469864,6469832.0,519878,Foam Insulation,Foam INS,200,0000FF,,PRE-CONSTRUCTION,Interior & Architectural Finishes,Priority 2 Interior & Architectural Scope,Foam Insulation,,Z-AREA
6469865,6469832.0,519878,Tiling,Tile,300,0000FF,11.0,PRE-CONSTRUCTION,Interior & Architectural Finishes,Priority 2 Interior & Architectural Scope,Tiling,,Z-AREA
6469866,6469832.0,519878,Acoustic Panels,AP,400,0000FF,,PRE-CONSTRUCTION,Interior & Architectural Finishes,Priority 2 Interior & Architectural Scope,Acoustic Panels,,Z-AREA
6469868,6469832.0,519878,RAISED ACCESS FLOORING,Floor,500,0000FF,10.0,PRE-CONSTRUCTION,Interior & Architectural Finishes,Priority 2 Interior & Architectural Scope,RAISED ACCESS FLOORING,,Z-AREA
6469869,6469832.0,519878,Toilet Accessories - DIV10,Toilet,600,0000FF,10.0,PRE-CONSTRUCTION,Interior & Architectural Finishes,Priority 2 Interior & Architectural Scope,Toilet Accessories - DIV10,,Z-AREA
6469870,6469832.0,519878,Wire Mesh Partitions,WMP,700,0000FF,,PRE-CONSTRUCTION,Interior & Architectural Finishes,Priority 2 Interior & Architectural Scope,Wire Mesh Partitions,,Z-AREA
6469871,6469832.0,519878,Wall / Door Protection - DIV10,WDP,800,0000FF,13.0,PRE-CONSTRUCTION,Interior & Architectural Finishes,Priority 2 Interior & Architectural Scope,Wall / Door Protection - DIV10,,Z-AREA
6469872,6469845.0,519876,FAB - Main Columns,Main,0,0000FF,,Precast,Precast Erector - SnS Erectors,Precast Fabrication,Precast Fabricator - Heldenfehls,FAB - Main Columns,Z-TRADE
6469873,6469845.0,519876,FAB - Intermediate Columns,Intermed,1,0000FF,,Precast,Precast Erector - SnS Erectors,Precast Fabrication,Precast Fabricator - Heldenfehls,FAB - Intermediate Columns,Z-TRADE
6469874,6469845.0,519876,SUE - Inner Columns - C (Set with FAB),SUE Inner Cols,101,0000FF,,Precast,Precast Erector - SnS Erectors,Precast Fabrication,Precast Fabricator - Heldenfehls,SUE - Inner Columns - C (Set with FAB),Z-TRADE
6469875,6469845.0,519876,SUW - Inner Columns - L (Set with FAB),SUW Inner Cols,201,0000FF,,Precast,Precast Erector - SnS Erectors,Precast Fabrication,Precast Fabricator - Heldenfehls,SUW - Inner Columns - L (Set with FAB),Z-TRADE
6469876,6469845.0,519876,FIZ - Columns,FIZ,203,0000FF,,Precast,Precast Erector - SnS Erectors,Precast Fabrication,Precast Fabricator - Heldenfehls,FIZ - Columns,Z-TRADE
6469877,6469845.0,519876,SUE - Columns A&B,SUE Cols A & B,102,0000FF,,Precast,Precast Erector - SnS Erectors,Precast Fabrication,Precast Fabricator - Heldenfehls,SUE - Columns A&B,Z-TRADE
6469878,6469845.0,519876,SUW - Columns M&N,SUW Cols M & N,202,0000FF,,Precast,Precast Erector - SnS Erectors,Precast Fabrication,Precast Fabricator - Heldenfehls,SUW - Columns M&N,Z-TRADE
6469920,,519884,Out of Seq - Drywall and Doors,OOS,100,0000FF,2.0,Out of Seq - Drywall and Doors,,,,,Z-PUBLISH
6469928,,519919,SECAI IMPACTING AREAS,SECAIMP,200,0000FF,2.0,SECAI IMPACTING AREAS,,,,,ACTIVITY PRIORITY
6560194,,519919,PRIORITY DRYWALL AREAS,RM ELE,100,0000FF,4797.0,PRIORITY DRYWALL AREAS,,,,,ACTIVITY PRIORITY
7075048,,557964,Temporary Certificate Occupancy 1,TCO 1,0,FF8000,691.0,Temporary Certificate Occupancy 1,,,,,TCO - FAB1
7075049,,557964,Temporary Certificate Occupancy 2,TCO 2,100,008000,822.0,Temporary Certificate Occupancy 2,,,,,TCO - FAB1
7075050,,557964,Temporary Certificate Occupancy 3,TCO 3,101,0080C0,2597.0,Temporary Certificate Occupancy 3,,,,,TCO - FAB1
7075051,,557964,Temporary Certificate Occupancy 4,TCO 4,102,8080FF,696.0,Temporary Certificate Occupancy 4,,,,,TCO - FAB1
7090044,,519886,SUW AD TROUGH,SUWAD,100,0000FF,8.0,SUW AD TROUGH,,,,,Z-ROOM
7090045,,519886,SUE AD TROUGH,SUEAD,101,0000FF,5.0,SUE AD TROUGH,,,,,Z-ROOM
7167214,,564787,Patriot Erectors (Misc Steel),Patriot,103,0000FF,217.0,Patriot Erectors (Misc Steel),,,,,Trade Partner
7167219,,564787,Brazos Urethane (Roofing),Brazos,0,0000FF,434.0,Brazos Urethane (Roofing),,,,,Trade Partner
7167222,,564787,Kovach Enclosure Systems (Composite Metal Panel),Kovach,0,0000FF,232.0,Kovach Enclosure Systems (Composite Metal Panel),,,,,Trade Partner
7167229,,564787,GDA Contractors (Expansion Joints),GDA,0,0000FF,72.0,GDA Contractors (Expansion Joints),,,,,Trade Partner
7167949,7179251.0,564844,Install Door Hardware,06,9,0000FF,32.0,Doors,Install Door Hardware,,,,Activity Category
7167950,7179251.0,564844,Paint & Protect Doors & Frames,05,8,0000FF,606.0,Doors,Paint & Protect Doors & Frames,,,,Activity Category
7167951,7179251.0,564844,Door Install,04,7,0000FF,672.0,Doors,Door Install,,,,Activity Category
7167952,7179252.0,564844,Complete Drywall & Inspect,1,0,0000FF,538.0,Drywalls,Complete Drywall & Inspect,,,,Activity Category
7167953,7179252.0,564844,Complete Fire Caulk & Inspect,2,1,0000FF,310.0,Drywalls,Complete Fire Caulk & Inspect,,,,Activity Category
7167954,7179252.0,564844,Complete Control Joint & Inspect,3,2,0000FF,295.0,Drywalls,Complete Control Joint & Inspect,,,,Activity Category
7168624,7179251.0,564844,Install Door Frames,01,3,0000FF,672.0,Doors,Install Door Frames,,,,Activity Category
7169074,7179251.0,564844,Door Assembly,B,11,0000FF,37.0,Doors,Door Assembly,,,,Activity Category
7169183,7179251.0,564844,Door Frame Grout,02,4,0000FF,80.0,Doors,Door Frame Grout,,,,Activity Category
7172090,,564844,Impact Activity (Constraint),IMPACT,302,0000FF,2732.0,Impact Activity (Constraint),,,,,Activity Category
7172092,,564844,Activity Performed by SECAI (Constraint),SECAI,402,0000FF,88.0,Activity Performed by SECAI (Constraint),,,,,Activity Category
7172093,,564844,Handover to SECAI,HOSECAI,502,0000FF,5.0,Handover to SECAI,,,,,Activity Category
7178660,7179251.0,564844,Door Package Install,C,12,0000FF,37.0,Doors,Door Package Install,,,,Activity Category
7178661,7179251.0,564844,Door Frame Paint & 1st Coat,03B,6,0000FF,42.0,Doors,Door Frame Paint & 1st Coat,,,,Activity Category
7178662,7179251.0,564844,SECAI Rough In/Security,00B,2,0000FF,325.0,Doors,SECAI Rough In/Security,,,,Activity Category
7178893,7179251.0,564844,Install/Rework Cladding and Header,00A,1,0000FF,7.0,Doors,Install/Rework Cladding and Header,,,,Activity Category
7179249,7179251.0,564844,SECAI SCP Wall Finish,A01,10,0000FF,36.0,Doors,SECAI SCP Wall Finish,,,,Activity Category
7179251,,564844,Doors,DOOR,202,0000FF,,Doors,,,,,Activity Category
7179252,,564844,Drywalls,DRYWALL,102,0000FF,,Drywalls,,,,,Activity Category
7219226,7179251.0,564844,Install Door Frame by SECAI,00C,0,0000FF,75.0,Doors,Install Door Frame by SECAI,,,,Activity Category
